Timestamp,S05,Hum.,Pres.,Temp.
2025-04-01 13:00:00,11883.71,45.17,1013.69,28.37
2025-04-01 15:00:00,11882.2,37.04,1011.57,33.41
2025-04-01 17:00:00,11880.25,37.26,1010.26,31.13
2025-04-01 19:00:00,11879.0,41.91,1009.54,28.28
2025-04-01 21:00:00,11879.0,45.88,1009.84,26.78
2025-04-01 23:00:00,11879.0,48.9,1009.79,26.09
2025-04-02 01:00:00,11878.1,51.75,1008.88,25.47
2025-04-02 03:00:00,11878.0,55.43,1008.16,24.55
2025-04-02 05:00:00,11878.0,58.3,1007.34,23.98
2025-04-02 07:00:00,11878.64,60.04,1008.02,23.47
2025-04-02 09:00:00,11879.0,60.94,1008.74,23.58
2025-04-02 11:00:00,11879.0,61.61,1008.82,23.94
2025-04-03 15:00:00,11880.5,69.68,1010.16,30.81
2025-04-03 17:00:00,11879.5,67.5,1010.35,35.08
2025-04-03 19:00:00,11877.64,68.88,1011.53,27.99
2025-04-03 21:00:00,11877.0,70.02,1013.25,25.19
2025-04-03 23:00:00,11877.83,70.73,1015.58,23.12
2025-04-04 01:00:00,11878.0,71.09,1018.38,20.43
2025-04-04 03:00:00,11876.6,70.09,1020.48,17.92
2025-04-04 05:00:00,11876.82,64.14,1021.76,16.27
2025-04-04 07:00:00,11878.11,60.84,1023.44,14.76
2025-04-04 09:00:00,11880.8,59.1,1024.49,15.6
2025-04-04 11:00:00,11882.83,54.41,1024.88,19.24
2025-04-04 13:00:00,11882.79,46.16,1024.07,23.41
2025-04-04 15:00:00,11882.62,38.49,1022.69,28.04
2025-04-04 17:00:00,11881.73,32.18,1021.96,31.24
2025-04-04 19:00:00,11879.56,35.49,1022.31,23.08
2025-04-04 21:00:00,11877.64,41.0,1023.14,19.95
2025-04-04 23:00:00,11877.17,44.38,1023.85,18.07
2025-04-05 01:00:00,11878.0,47.09,1024.06,16.54
2025-04-05 03:00:00,11878.13,49.03,1023.89,15.18
2025-04-05 05:00:00,11878.75,50.78,1024.17,14.01
2025-04-05 07:00:00,11879.14,52.55,1025.07,13.03
2025-04-05 09:00:00,11881.17,53.06,1025.41,14.59
2025-04-05 11:00:00,11883.83,49.13,1024.5,19.72
2025-04-05 13:00:00,11884.17,42.29,1021.88,26.22
2025-04-05 15:00:00,11883.0,36.18,1019.52,31.06
2025-04-05 17:00:00,11881.64,29.15,1018.14,35.42
2025-04-05 19:00:00,11879.27,34.73,1018.02,27.27
2025-04-05 21:00:00,11878.62,41.27,1018.78,24.09
2025-04-05 23:00:00,11878.14,46.3,1018.61,22.0
2025-04-06 01:00:00,11878.0,50.24,1018.27,20.33
2025-04-06 03:00:00,11877.5,52.74,1017.78,19.36
2025-04-06 05:00:00,11878.3,53.91,1017.37,18.76
2025-04-06 07:00:00,11879.0,55.19,1017.68,18.4
2025-04-06 09:00:00,11880.75,55.48,1017.91,20.38
2025-04-06 11:00:00,11883.12,51.17,1017.54,25.17
2025-04-06 13:00:00,11883.42,44.92,1016.01,29.36
2025-04-06 15:00:00,11881.6,39.99,1014.01,32.23
2025-04-06 17:00:00,11879.5,39.09,1013.1,29.56
2025-04-10 15:00:00,11880.0,47.55,1007.73,31.68
2025-04-10 17:00:00,11879.11,46.06,1007.23,30.71
2025-04-10 19:00:00,11877.71,50.32,1007.35,28.52
2025-04-10 21:00:00,11877.62,52.86,1008.02,27.21
2025-04-10 23:00:00,11878.8,55.07,1008.45,25.76
2025-04-11 01:00:00,11878.36,56.77,1008.48,24.62
2025-04-11 03:00:00,11879.0,57.91,1008.57,24.3
2025-04-11 05:00:00,11878.5,61.32,1008.07,23.37
2025-04-11 07:00:00,11878.5,60.61,1008.75,23.24
2025-04-11 09:00:00,11880.29,59.27,1009.53,24.18
2025-04-11 11:00:00,11881.64,56.77,1009.55,27.04
2025-04-11 13:00:00,11882.73,49.67,1008.18,31.48
2025-04-11 15:00:00,11882.31,39.52,1006.47,33.92
2025-04-11 17:00:00,11880.2,36.76,1005.73,34.94
2025-04-11 19:00:00,11879.1,41.73,1006.17,30.32
2025-04-11 21:00:00,11877.64,47.02,1006.96,28.03
2025-04-11 23:00:00,11877.0,50.15,1007.18,26.68
2025-04-12 01:00:00,11877.0,52.15,1007.13,26.24
2025-04-12 03:00:00,11877.73,54.71,1006.74,24.76
2025-04-12 05:00:00,11878.83,56.54,1006.22,23.82
2025-04-12 07:00:00,11878.8,57.64,1007.47,23.58
2025-04-12 09:00:00,11880.0,57.46,1008.32,25.5
2025-04-12 11:00:00,11882.11,54.55,1008.21,28.59
2025-04-12 13:00:00,11882.38,43.62,1007.48,32.37
2025-04-12 15:00:00,11882.64,36.28,1006.59,36.11
2025-04-12 17:00:00,11880.33,29.77,1006.71,39.4
2025-04-12 19:00:00,11879.2,37.77,1007.97,31.57
2025-04-12 21:00:00,11877.54,43.27,1009.33,29.37
2025-04-12 23:00:00,11877.0,48.11,1010.56,27.42
2025-04-13 01:00:00,11877.0,50.49,1011.37,25.21
2025-04-13 03:00:00,11877.0,51.93,1011.33,23.5
2025-04-13 05:00:00,11876.83,53.51,1011.47,21.86
2025-04-13 07:00:00,11877.44,54.35,1012.59,20.96
2025-04-13 09:00:00,11879.83,53.41,1013.7,21.64
2025-04-13 11:00:00,11882.53,46.23,1013.92,25.47
2025-04-13 13:00:00,11882.9,36.96,1012.81,30.35
2025-04-13 15:00:00,11882.0,28.82,1011.32,34.76
2025-04-13 17:00:00,11881.45,23.72,1011.06,37.06
2025-04-13 19:00:00,11877.56,31.34,1011.75,28.49
2025-04-13 21:00:00,11877.0,37.14,1012.26,25.14
2025-04-13 23:00:00,11876.75,39.96,1012.46,23.09
2025-04-14 01:00:00,11877.7,42.39,1012.92,21.56
2025-04-14 03:00:00,11877.4,44.48,1012.77,20.1
2025-04-14 05:00:00,11877.42,46.03,1012.85,19.0
2025-04-14 07:00:00,11878.0,47.65,1013.59,17.91
2025-04-14 09:00:00,11880.0,49.62,1014.5,18.9
2025-04-14 11:00:00,11883.0,45.48,1013.66,24.62
2025-04-14 13:00:00,11883.71,36.18,1011.31,30.27
2025-04-14 15:00:00,11881.58,29.96,1009.15,34.45
2025-04-14 17:00:00,11880.0,25.89,1008.28,36.17
2025-04-14 19:00:00,11878.31,31.19,1008.99,29.16
2025-04-14 21:00:00,11878.0,36.16,1009.02,26.04
2025-04-14 23:00:00,11878.07,38.88,1009.12,23.83
2025-04-15 01:00:00,11877.9,42.7,1009.17,21.64
2025-04-15 03:00:00,11878.0,45.09,1008.9,20.48
2025-04-15 05:00:00,11878.64,47.59,1008.55,19.64
2025-04-15 07:00:00,11878.31,49.84,1009.23,19.06
2025-04-15 09:00:00,11880.09,50.85,1010.54,20.48
2025-04-15 11:00:00,11882.67,47.98,1010.67,25.08
2025-04-15 13:00:00,11884.0,42.32,1009.08,30.13
2025-04-15 15:00:00,11882.25,32.21,1007.13,36.56
2025-04-15 17:00:00,11881.64,26.08,1006.55,39.84
2025-04-15 19:00:00,11878.88,33.68,1007.08,30.12
2025-04-15 21:00:00,11877.45,40.25,1008.42,25.97
2025-04-15 23:00:00,11877.83,42.42,1009.04,24.7
2025-04-16 01:00:00,11877.82,45.34,1009.31,22.96
2025-04-16 03:00:00,11878.73,47.54,1009.06,21.72
2025-04-16 05:00:00,11877.55,49.42,1008.42,20.44
2025-04-16 07:00:00,11877.09,50.78,1008.8,19.53
2025-04-16 09:00:00,11879.55,51.23,1009.97,21.44
2025-04-16 11:00:00,11882.5,48.75,1009.96,25.91
2025-04-16 13:00:00,11883.45,37.99,1008.4,31.54
2025-04-16 15:00:00,11882.55,28.19,1006.71,37.25
2025-04-16 17:00:00,11881.73,22.61,1005.69,40.97
2025-04-16 19:00:00,11878.82,31.52,1005.53,30.42
2025-04-16 21:00:00,11877.67,35.47,1005.96,28.01
2025-04-16 23:00:00,11877.73,39.46,1007.2,25.51
2025-04-17 01:00:00,11877.62,43.07,1008.0,23.41
2025-04-17 03:00:00,11878.4,45.75,1007.52,22.11
2025-04-17 05:00:00,11878.17,48.13,1007.71,20.92
2025-04-17 07:00:00,11877.0,49.61,1008.45,20.19
2025-04-17 09:00:00,11879.5,50.85,1009.12,21.72
2025-04-17 11:00:00,11882.89,47.74,1009.19,26.88
2025-04-17 13:00:00,11883.5,40.93,1007.57,31.86
2025-04-17 15:00:00,11882.36,32.09,1005.31,37.51
2025-04-17 17:00:00,11881.0,26.39,1004.08,40.51
2025-04-17 19:00:00,11878.75,33.95,1004.62,32.55
2025-04-17 21:00:00,11877.0,37.76,1005.42,30.12
2025-04-17 23:00:00,11876.8,41.38,1006.08,27.71
2025-04-18 01:00:00,11877.38,43.72,1006.32,26.54
2025-04-18 03:00:00,11878.85,46.33,1006.46,25.11
2025-04-18 05:00:00,11879.0,48.57,1006.56,24.86
2025-04-29 09:00:00,11879.88,50.41,1013.5,17.77
2025-04-29 11:00:00,11882.56,46.32,1013.66,22.16
2025-04-29 13:00:00,11882.62,38.03,1012.35,27.1
2025-04-29 15:00:00,11881.3,29.39,1010.62,32.79
2025-04-29 17:00:00,11880.5,23.58,1010.18,35.75
2025-04-29 19:00:00,11878.67,30.95,1010.62,26.54
2025-04-29 21:00:00,11878.12,33.84,1011.25,24.26
2025-04-29 23:00:00,11878.5,38.44,1011.87,21.33
2025-04-30 01:00:00,11877.25,41.36,1011.5,19.88
2025-04-30 03:00:00,11877.0,44.16,1011.49,18.05
2025-04-30 05:00:00,11877.67,46.51,1011.34,16.75
2025-04-30 07:00:00,11878.27,48.13,1011.79,15.92
2025-04-30 09:00:00,11879.64,48.93,1012.61,17.57
2025-04-30 11:00:00,11882.7,45.68,1012.67,22.58
2025-05-01 13:00:00,11883.5,38.77,1009.9,28.34
2025-05-01 15:00:00,11882.18,30.04,1007.92,33.83
2025-05-01 17:00:00,11880.44,24.13,1006.79,36.37
2025-05-01 19:00:00,11878.6,31.18,1007.49,27.85
2025-05-01 21:00:00,11878.0,35.87,1008.04,25.68
2025-05-01 23:00:00,11877.91,39.45,1008.8,24.06
2025-05-02 01:00:00,11878.0,41.95,1009.02,23.11
2025-05-02 03:00:00,11877.5,46.29,1008.59,22.05
2025-05-05 11:00:00,11881.0,49.43,1010.72,28.33
2025-05-05 13:00:00,11881.0,44.68,1009.35,32.57
2025-05-05 15:00:00,11881.11,40.79,1008.1,34.81
2025-05-05 17:00:00,11880.5,35.92,1007.69,37.34
2025-05-05 19:00:00,11878.08,44.42,1008.3,30.26
2025-05-05 21:00:00,11877.69,48.79,1009.56,28.09
2025-05-05 23:00:00,11877.92,50.77,1009.51,26.92
2025-05-06 01:00:00,11878.0,52.77,1008.76,25.35
2025-05-06 03:00:00,11877.86,54.62,1008.03,25.12
2025-05-06 05:00:00,11877.71,55.37,1007.14,24.43
2025-05-06 07:00:00,11878.81,56.39,1007.62,23.85
2025-05-06 09:00:00,11879.67,56.49,1008.15,25.06
2025-05-06 11:00:00,11881.22,53.48,1007.96,28.44
2025-05-06 13:00:00,11880.75,54.64,1007.13,27.56
2025-05-08 13:00:00,11879.0,69.05,1000.8,25.36
2025-05-08 15:00:00,11878.0,69.49,999.2,25.09
2025-05-08 17:00:00,11878.0,69.57,999.09,24.86
2025-05-12 13:00:00,11883.0,47.48,1016.38,26.43
2025-05-12 15:00:00,11881.2,38.86,1013.86,31.93
2025-05-12 17:00:00,11879.89,33.6,1013.17,32.59
2025-06-07 13:00:00,11881.0,52.58,1012.38,21.66
2025-06-07 15:00:00,11881.19,40.37,1011.24,27.45
2025-06-07 17:00:00,11879.19,36.16,1012.01,25.57
2025-06-07 19:00:00,11878.62,42.29,1012.75,20.49
2025-06-07 21:00:00,11878.0,43.88,1012.44,17.93
2025-06-07 23:00:00,11878.12,47.35,1012.93,15.91
2025-06-08 01:00:00,11878.0,50.36,1013.98,14.49
2025-06-08 03:00:00,11878.0,52.35,1014.05,14.15
2025-06-08 05:00:00,11878.0,54.28,1013.99,13.06
2025-06-08 07:00:00,11879.0,55.81,1014.4,12.78
2025-06-08 09:00:00,11879.2,56.67,1015.2,12.93
2025-06-08 11:00:00,11881.5,55.36,1015.37,17.16
2025-06-08 13:00:00,11882.7,47.25,1014.5,23.19
2025-06-08 15:00:00,11882.08,36.51,1013.29,28.47
2025-06-08 17:00:00,11879.8,28.46,1013.44,33.41
2025-06-08 19:00:00,11879.0,37.18,1014.76,21.35
2025-06-08 21:00:00,11879.0,41.21,1015.38,18.58
2025-06-08 23:00:00,11879.0,44.46,1016.33,16.79
2025-06-09 01:00:00,11879.0,48.26,1016.79,15.33
2025-06-09 03:00:00,11879.0,50.97,1017.1,13.98
2025-06-09 05:00:00,11879.0,53.1,1017.2,12.8
2025-06-09 07:00:00,11879.0,55.27,1017.96,12.39
2025-06-09 09:00:00,11879.0,56.83,1019.2,12.32
2025-06-09 15:00:00,11880.33,55.48,1017.9,16.41
2025-06-09 17:00:00,11880.5,55.64,1017.64,15.95
2025-06-09 19:00:00,11880.0,55.29,1017.88,15.65
2025-06-09 21:00:00,11880.0,54.76,1019.0,15.02
2025-06-09 23:00:00,11879.44,54.47,1019.34,14.45
2025-06-10 01:00:00,11879.0,55.1,1018.94,13.34
2025-06-10 03:00:00,11879.0,55.97,1018.36,11.81
2025-06-10 05:00:00,11879.0,56.95,1018.25,10.44
2025-06-10 07:00:00,11879.0,57.47,1019.08,9.3
2025-06-10 09:00:00,11879.89,57.91,1020.01,10.1
2025-06-10 11:00:00,11882.29,56.92,1020.4,14.26
2025-06-10 13:00:00,11883.0,53.33,1019.54,18.37
2025-06-10 15:00:00,11882.44,42.19,1018.07,26.03
2025-06-10 17:00:00,11881.25,30.18,1017.87,31.21
2025-06-10 19:00:00,11880.18,38.87,1018.63,19.35
2025-06-10 21:00:00,11879.58,44.3,1019.23,17.09
2025-06-10 23:00:00,11878.5,47.18,1019.64,15.26
2025-06-11 01:00:00,11878.82,48.98,1019.94,13.78
2025-06-11 03:00:00,11879.0,50.16,1019.88,12.4
2025-06-11 05:00:00,11879.0,51.4,1019.79,11.41
2025-06-11 07:00:00,11879.0,52.7,1020.59,10.54
2025-06-11 09:00:00,11880.09,53.91,1022.04,11.37
2025-06-11 11:00:00,11882.56,53.14,1022.35,14.73
2025-06-11 13:00:00,11883.0,47.74,1021.6,19.84
2025-06-11 15:00:00,11882.4,39.02,1019.47,25.97
2025-06-11 17:00:00,11880.8,28.81,1018.16,32.85
2025-06-11 19:00:00,11880.0,38.2,1018.38,19.73
2025-06-11 21:00:00,11880.0,42.01,1018.95,16.68
2025-06-11 23:00:00,11878.92,43.5,1018.77,15.17
2025-06-12 01:00:00,11878.0,46.35,1018.22,13.32
2025-06-12 03:00:00,11878.77,49.65,1017.02,12.06
2025-06-12 05:00:00,11879.0,51.91,1015.99,11.27
2025-06-12 07:00:00,11879.0,53.86,1015.79,10.32
2025-06-12 09:00:00,11880.0,55.78,1015.88,11.15
2025-06-12 11:00:00,11882.14,55.59,1015.53,14.56
2025-06-12 13:00:00,11884.0,,,
2025-06-12 15:00:00,11882.54,39.12,1010.94,26.55
2025-06-12 17:00:00,11881.08,34.1,1009.52,27.56
2025-06-12 19:00:00,11880.0,42.36,1009.5,19.88
2025-06-12 21:00:00,11880.0,46.04,1010.29,18.21
2025-06-12 23:00:00,11879.71,48.97,1010.75,16.29
2025-06-13 01:00:00,11880.0,50.88,1010.91,15.25
2025-06-13 03:00:00,11880.0,51.23,1010.97,15.35
2025-06-13 05:00:00,11880.0,51.75,1011.11,15.06
2025-06-13 07:00:00,11880.0,52.19,1011.24,15.34
2025-06-13 09:00:00,11880.09,53.71,1011.81,15.39
2025-06-13 11:00:00,11880.73,53.78,1012.17,17.15
2025-06-13 13:00:00,11882.13,50.63,1011.04,19.02
2025-06-13 15:00:00,11882.0,50.61,1009.64,18.99
2025-06-13 17:00:00,11881.9,51.53,1009.32,19.03
2025-06-13 19:00:00,11880.7,53.61,1009.39,18.25
2025-06-13 21:00:00,11880.29,55.39,1009.53,17.99
2025-06-13 23:00:00,11880.09,56.56,1008.89,17.92
2025-06-14 01:00:00,11880.33,58.96,1008.72,17.53
2025-06-14 03:00:00,11881.0,62.53,1006.61,17.7
2025-06-14 05:00:00,11881.0,64.27,1005.32,17.57
2025-06-14 07:00:00,11881.0,65.04,1005.81,17.73
2025-06-14 09:00:00,11881.0,65.9,1005.62,17.46
2025-06-14 11:00:00,11881.0,,,
2025-06-14 13:00:00,11881.0,66.3,1004.2,18.37
2025-06-14 15:00:00,11881.0,66.81,1004.76,18.52
2025-06-14 19:00:00,11881.0,66.1,1008.0,17.56
2025-06-14 21:00:00,11880.0,66.4,1009.28,16.76
2025-06-14 23:00:00,11880.43,66.11,1008.96,16.29
2025-06-15 01:00:00,11880.0,66.07,1008.79,15.85
2025-06-15 03:00:00,11880.5,65.47,1009.24,15.81
2025-06-15 05:00:00,11881.0,66.22,1010.21,15.42
2025-06-15 07:00:00,11880.0,65.6,1011.22,15.41
2025-06-15 09:00:00,11880.67,64.6,1012.37,15.34
2025-06-15 11:00:00,11881.0,63.17,1013.5,15.53
2025-06-15 13:00:00,11881.0,62.94,1013.12,15.27
2025-06-15 15:00:00,11881.0,62.27,1012.18,15.44
2025-06-15 17:00:00,11881.0,61.2,1011.73,15.66
2025-06-15 19:00:00,11881.0,60.8,1011.59,15.64
2025-06-15 21:00:00,11880.67,61.03,1012.09,15.22
2025-06-15 23:00:00,11881.0,60.7,1012.78,14.97
2025-06-16 01:00:00,11880.8,61.41,1012.34,14.8
2025-06-16 03:00:00,11880.4,61.47,1011.51,14.6
2025-06-16 05:00:00,11879.38,62.69,1010.87,13.32
2025-06-16 07:00:00,11879.67,63.97,1011.05,12.76
2025-06-16 09:00:00,11880.17,64.87,1011.36,12.87
2025-06-16 11:00:00,11881.9,64.17,1011.36,16.37
2025-06-16 13:00:00,11883.0,62.91,1008.95,19.14
2025-06-16 15:00:00,11883.0,60.3,1005.64,21.16
2025-06-16 17:00:00,11881.5,61.45,1004.57,20.79
2025-06-16 23:00:00,11880.0,67.28,1005.12,20.34
2025-06-17 01:00:00,11880.0,68.32,1005.46,20.09
2025-06-17 03:00:00,11880.33,68.2,1006.02,20.19
2025-06-17 05:00:00,11880.4,69.0,1006.12,19.66
2025-06-17 07:00:00,11880.29,69.09,1007.89,19.55
2025-06-17 09:00:00,11880.0,69.41,1009.48,19.34
2025-06-17 11:00:00,11881.0,68.0,1010.09,20.42
2025-06-17 13:00:00,11881.0,66.4,1009.49,20.7
2025-06-17 15:00:00,11880.0,64.83,1008.29,21.03
2025-06-17 17:00:00,11879.83,65.33,1008.52,20.14
2025-06-17 19:00:00,11880.0,67.01,1009.19,18.82
2025-06-17 21:00:00,11880.0,66.51,1010.43,18.48
2025-06-17 23:00:00,11880.0,66.4,1010.98,17.88
2025-06-18 01:00:00,11880.0,66.54,1011.97,17.32
2025-06-18 03:00:00,11880.0,67.52,1011.52,16.56
2025-06-18 05:00:00,11880.78,67.94,1010.65,16.4
2025-06-18 07:00:00,11881.0,67.79,1010.76,16.51
2025-06-18 09:00:00,11881.0,68.04,1012.14,16.63
2025-06-18 11:00:00,11881.44,67.94,1012.73,17.42
2025-06-18 13:00:00,11882.0,66.34,1012.35,17.93
2025-06-18 15:00:00,11881.4,66.38,1011.83,17.26
2025-06-18 17:00:00,11881.0,66.16,1012.84,16.87
2025-06-18 19:00:00,11881.0,65.59,1014.74,16.43
2025-06-18 21:00:00,11881.0,64.72,1015.21,16.07
2025-06-18 23:00:00,11880.42,63.96,1015.14,15.05
2025-06-19 01:00:00,11879.7,64.63,1014.48,14.1
2025-06-19 03:00:00,11879.89,65.09,1015.41,14.51
2025-06-19 05:00:00,11880.0,65.64,1014.61,13.98
2025-06-19 07:00:00,11879.6,65.77,1015.43,12.96
2025-06-19 09:00:00,11880.5,65.21,1016.69,13.65
2025-06-19 11:00:00,11882.64,63.63,1017.31,16.73
2025-06-19 13:00:00,11883.4,58.93,1016.38,20.71
2025-06-19 15:00:00,11882.36,54.93,1015.12,21.16
2025-06-19 17:00:00,11881.0,52.65,1015.04,20.44
2025-06-19 19:00:00,11880.2,56.14,1015.74,18.24
2025-06-19 21:00:00,11880.0,60.32,1016.16,17.37
2025-06-19 23:00:00,11880.12,62.45,1016.19,17.02
2025-06-20 01:00:00,11880.12,62.6,1016.12,16.58
2025-06-20 03:00:00,11880.62,61.5,1015.2,16.2
2025-06-20 05:00:00,11880.0,61.93,1014.31,14.96
2025-06-20 07:00:00,11879.25,62.22,1014.57,14.09
2025-06-20 09:00:00,11880.38,62.15,1015.21,14.37
2025-06-20 11:00:00,11882.67,62.17,1015.17,16.78
2025-06-20 13:00:00,11883.88,58.54,1013.68,22.54
2025-06-20 15:00:00,11882.25,52.9,1012.23,24.41
2025-06-20 17:00:00,11881.17,43.41,1011.83,29.27
2025-06-20 19:00:00,11879.44,49.23,1012.25,21.2
2025-06-20 21:00:00,11879.18,53.96,1012.52,18.89
2025-06-20 23:00:00,11879.27,55.98,1012.36,17.19
2025-06-21 01:00:00,11879.87,58.07,1011.95,15.76
2025-06-21 03:00:00,11880.0,59.18,1011.11,15.3
2025-06-21 05:00:00,11880.0,60.55,1010.87,14.78
2025-06-21 07:00:00,11880.0,62.96,1011.38,14.52
2025-06-21 09:00:00,11880.0,64.24,1011.36,14.74
2025-06-21 11:00:00,11881.2,64.45,1011.5,15.93
2025-06-21 13:00:00,11882.43,62.0,1010.03,19.25
2025-06-21 15:00:00,11882.6,59.24,1008.29,20.1
2025-06-21 17:00:00,11881.6,55.5,1007.03,22.05
2025-06-21 19:00:00,11880.33,58.65,1006.79,18.38
2025-06-21 21:00:00,11880.0,60.9,1006.36,16.78
2025-06-21 23:00:00,11880.0,61.3,1006.19,15.97
2025-06-22 01:00:00,11880.0,62.36,1004.8,14.82
2025-06-22 03:00:00,11880.0,63.34,1003.33,14.51
2025-06-22 05:00:00,11879.93,64.43,1002.74,14.46
2025-06-22 07:00:00,11880.0,64.84,1002.77,14.38
2025-06-22 09:00:00,11880.0,65.6,1003.42,15.31
2025-06-22 11:00:00,11881.36,64.73,1003.37,17.94
2025-06-22 13:00:00,11882.36,64.45,1002.63,18.1
2025-06-22 15:00:00,11882.0,63.88,1001.33,18.89
2025-06-22 17:00:00,11881.5,63.39,1000.71,18.12
2025-06-22 19:00:00,11880.4,63.33,1001.66,17.2
2025-06-22 21:00:00,11880.33,63.2,1004.01,16.4
2025-06-22 23:00:00,11880.69,62.8,1005.84,15.59
2025-06-23 01:00:00,11880.07,58.24,1009.21,12.88
2025-06-23 03:00:00,11879.91,54.67,1009.74,11.14
2025-06-23 05:00:00,11879.58,54.85,1010.0,10.12
2025-06-23 07:00:00,11880.0,54.59,1010.89,9.78
2025-06-23 09:00:00,11880.73,54.34,1012.42,9.14
2025-06-23 11:00:00,11882.67,51.26,1013.48,11.32
2025-06-23 13:00:00,11883.0,44.06,1012.53,14.87
2025-06-23 15:00:00,11882.43,38.89,1011.65,18.98
2025-06-23 17:00:00,11881.5,32.84,1011.66,21.49
2025-06-23 19:00:00,11880.0,38.85,1012.62,12.98
2025-06-23 21:00:00,11880.0,40.5,1013.46,11.23
2025-06-23 23:00:00,11880.0,42.52,1014.15,9.78
2025-06-24 01:00:00,11880.0,44.91,1014.37,8.46
2025-06-24 03:00:00,11880.0,47.03,1014.23,7.38
2025-06-24 05:00:00,11880.0,48.32,1014.16,6.62
2025-06-24 07:00:00,11880.0,49.36,1014.79,6.21
2025-06-24 09:00:00,11881.0,49.42,1015.35,7.56
2025-06-24 11:00:00,11882.92,44.8,1015.16,11.76
2025-06-24 13:00:00,11884.0,36.76,1013.54,16.8
2025-06-24 15:00:00,11883.71,30.62,1011.72,20.78
2025-06-24 17:00:00,11882.91,25.32,1010.92,24.29
2025-06-24 19:00:00,11881.44,30.5,1010.98,16.03
2025-06-24 21:00:00,11880.3,37.11,1011.5,12.68
2025-06-24 23:00:00,11880.0,39.95,1011.58,11.69
2025-06-25 01:00:00,11880.0,44.53,1011.08,10.38
2025-06-25 03:00:00,11880.7,47.87,1010.2,9.73
2025-06-25 05:00:00,11880.14,50.21,1009.59,9.43
2025-06-25 07:00:00,11880.0,52.58,1009.74,8.7
2025-06-25 09:00:00,11880.6,53.24,1010.8,9.87
2025-06-25 11:00:00,11883.0,47.87,1010.51,14.87
2025-06-25 13:00:00,11884.0,41.88,1009.13,18.17
2025-06-25 15:00:00,11884.57,36.46,1008.14,21.3
2025-06-25 17:00:00,11882.25,36.94,1008.05,19.09
2025-06-25 19:00:00,11882.0,42.14,1008.5,17.67
2025-06-25 21:00:00,11882.0,44.82,1009.47,17.05
2025-06-25 23:00:00,11881.25,47.12,1010.26,16.55
2025-06-26 01:00:00,11881.0,50.48,1010.19,15.81
2025-06-26 03:00:00,11881.0,50.41,1010.28,15.84
2025-06-26 05:00:00,11881.0,51.92,1010.52,15.08
2025-06-26 07:00:00,11881.0,53.4,1010.59,14.28
2025-06-26 09:00:00,11880.5,53.85,1011.1,14.29
2025-06-26 11:00:00,11882.0,52.08,1012.47,16.77
2025-06-26 13:00:00,11884.14,43.94,1012.51,21.48
2025-06-26 15:00:00,11883.11,35.43,1012.02,26.96
2025-06-26 17:00:00,11881.6,28.53,1012.78,29.84
2025-06-26 19:00:00,11880.44,36.0,1014.38,19.17
2025-06-26 21:00:00,11880.0,39.63,1015.53,16.2
2025-06-26 23:00:00,11879.9,40.93,1016.3,14.16
2025-06-27 01:00:00,11879.64,42.45,1016.55,12.55
2025-06-27 03:00:00,11879.78,43.46,1016.48,11.63
2025-06-27 05:00:00,11880.0,45.45,1016.74,10.15
2025-06-27 07:00:00,11880.35,47.56,1017.57,9.27
2025-06-27 09:00:00,11881.0,48.98,1018.34,9.57
2025-06-27 11:00:00,11883.71,48.64,1018.59,13.12
2025-06-27 13:00:00,11884.0,42.47,1016.91,19.91
2025-06-27 15:00:00,11883.44,34.48,1014.67,25.78
2025-06-27 17:00:00,11882.08,25.51,1013.34,30.12
2025-06-27 19:00:00,11881.0,32.39,1013.54,18.96
2025-06-27 21:00:00,11881.0,37.72,1014.52,15.89
2025-06-27 23:00:00,11880.09,40.12,1014.2,14.27
2025-06-28 01:00:00,11880.0,43.32,1013.46,12.9
2025-06-28 03:00:00,11880.0,45.49,1012.8,11.61
2025-06-28 05:00:00,11880.17,47.67,1011.85,10.98
2025-06-28 07:00:00,11881.0,49.38,1011.49,11.29
2025-06-28 09:00:00,11881.67,50.31,1011.6,12.35
2025-06-28 11:00:00,11882.0,50.59,1011.79,14.25
2025-06-28 13:00:00,11883.08,48.19,1009.57,18.51
2025-06-28 15:00:00,11883.77,47.04,1008.43,20.04
2025-06-28 17:00:00,11882.45,47.72,1008.33,19.69
2025-06-28 19:00:00,11882.0,49.44,1009.93,16.63
2025-06-28 21:00:00,11881.0,51.05,1010.8,15.59
2025-06-28 23:00:00,11880.91,51.76,1012.11,14.63
2025-06-29 01:00:00,11880.0,53.42,1012.19,13.18
2025-06-29 03:00:00,11880.33,55.51,1013.16,13.77
2025-06-29 05:00:00,11881.0,56.2,1015.12,13.82
2025-06-29 07:00:00,11881.0,56.51,1016.94,13.08
2025-06-29 09:00:00,11880.9,57.44,1018.53,12.93
2025-06-29 11:00:00,11881.79,56.55,1020.28,14.1
2025-06-29 13:00:00,11882.31,54.15,1020.89,15.57
2025-06-29 15:00:00,11882.75,50.49,1020.81,16.74
2025-06-29 17:00:00,11882.0,48.9,1021.94,15.36
2025-06-29 19:00:00,11881.18,49.69,1023.29,13.29
2025-06-29 21:00:00,11880.17,50.96,1024.52,11.55
2025-06-29 23:00:00,11880.0,51.63,1026.08,10.49
2025-06-30 01:00:00,11880.0,50.87,1026.65,9.37
2025-06-30 03:00:00,11880.75,50.8,1026.4,8.26
2025-06-30 05:00:00,11880.33,52.0,1025.93,7.24
2025-06-30 07:00:00,11881.0,53.58,1026.29,6.47
2025-06-30 09:00:00,11881.15,54.73,1027.14,6.64
2025-06-30 11:00:00,11883.17,52.81,1028.02,9.78
2025-07-01 13:00:00,11884.86,44.93,1028.61,14.75
2025-07-01 15:00:00,11883.67,35.8,1027.32,21.14
2025-07-01 17:00:00,11882.44,26.44,1026.8,24.72
2025-07-01 19:00:00,11880.8,32.44,1027.22,13.89
2025-07-01 21:00:00,11880.62,36.57,1027.89,11.62
2025-07-01 23:00:00,11881.0,40.02,1027.89,9.94
2025-07-02 01:00:00,11881.0,42.39,1028.28,8.47
2025-07-02 03:00:00,11880.6,44.06,1028.25,7.32
2025-07-02 05:00:00,11880.0,45.57,1028.22,6.09
2025-07-02 07:00:00,11880.11,46.84,1028.63,5.53
2025-07-02 09:00:00,11881.73,48.25,1029.59,5.62
2025-07-02 11:00:00,11883.33,48.66,1030.36,9.27
2025-07-02 13:00:00,11884.85,43.62,1028.81,16.19
2025-07-02 15:00:00,11883.64,34.84,1027.03,22.99
2025-07-02 17:00:00,11881.89,25.51,1026.53,27.6
2025-07-02 19:00:00,11881.0,32.72,1027.06,15.66
2025-07-02 21:00:00,11880.73,37.59,1027.54,12.79
2025-07-02 23:00:00,11881.0,40.7,1027.78,10.89
2025-07-03 01:00:00,11881.0,43.15,1027.69,9.49
2025-07-03 03:00:00,11881.0,45.62,1027.05,8.24
2025-07-03 05:00:00,11880.8,47.63,1026.15,7.87
2025-07-03 07:00:00,11880.08,49.77,1025.99,7.27
2025-07-03 09:00:00,11880.22,51.12,1026.14,7.93
2025-07-03 11:00:00,11883.75,52.1,1026.01,11.79
2025-07-03 13:00:00,11884.5,48.9,1024.31,17.53
2025-07-03 15:00:00,11884.0,41.33,1022.15,23.72
2025-07-03 17:00:00,11882.75,31.79,1021.36,29.21
2025-07-03 19:00:00,11881.82,40.86,1021.0,17.54
2025-07-03 21:00:00,11880.5,44.81,1021.12,15.07
2025-07-03 23:00:00,11880.0,47.9,1020.95,13.73
2025-07-04 01:00:00,11880.0,50.41,1020.87,12.45
2025-07-04 03:00:00,11880.08,52.67,1020.15,11.33
2025-07-04 05:00:00,11880.17,54.68,1019.39,10.5
2025-07-04 07:00:00,11881.0,55.97,1019.99,9.84
2025-07-04 09:00:00,11881.0,57.18,1020.39,10.22
2025-07-04 11:00:00,11883.18,56.74,1020.72,14.73
2025-07-04 13:00:00,11884.36,52.95,1019.28,19.69
2025-07-04 15:00:00,11884.56,44.69,1017.49,25.12
2025-07-04 17:00:00,11883.0,33.34,1016.59,31.71
2025-07-04 19:00:00,11881.0,42.12,1017.28,20.74
2025-07-04 21:00:00,11880.0,46.97,1017.9,18.21
2025-07-04 23:00:00,11880.82,50.12,1018.59,16.51
2025-07-05 01:00:00,11880.17,52.36,1018.8,15.29
2025-07-05 03:00:00,11880.0,54.1,1018.25,14.5
2025-07-05 05:00:00,11880.0,55.48,1018.0,13.65
2025-07-05 07:00:00,11880.0,56.08,1018.37,12.87
2025-07-05 09:00:00,11881.23,56.93,1019.54,13.74
2025-07-05 11:00:00,11883.5,56.97,1020.0,17.83
2025-07-05 13:00:00,11884.6,51.46,1018.34,23.56
2025-07-05 15:00:00,11883.69,42.3,1016.53,29.9
2025-07-05 17:00:00,11881.77,32.46,1015.87,34.43
2025-07-05 19:00:00,11880.0,41.68,1016.41,23.55
2025-07-05 21:00:00,11879.5,46.71,1016.76,20.61
2025-07-05 23:00:00,11880.0,49.24,1017.22,19.21
2025-07-06 01:00:00,11880.09,52.35,1017.35,17.83
2025-07-06 03:00:00,11880.88,54.11,1016.59,16.5
2025-07-06 05:00:00,11880.92,55.43,1015.95,15.35
2025-07-06 07:00:00,11880.0,56.49,1016.27,14.56
2025-07-06 09:00:00,11880.67,57.1,1017.02,15.16
2025-07-06 11:00:00,11882.31,55.81,1017.0,18.95
2025-07-06 13:00:00,11884.44,49.69,1015.65,23.83
2025-07-06 15:00:00,11883.0,40.03,1013.72,29.02
2025-07-06 17:00:00,11881.45,29.06,1013.02,35.37
2025-07-06 19:00:00,11880.0,38.92,1014.09,23.58
2025-07-06 21:00:00,11879.92,44.36,1014.59,20.48
2025-07-06 23:00:00,11880.0,47.73,1015.11,18.3
2025-07-07 01:00:00,11880.0,49.88,1015.2,17.26
2025-07-07 03:00:00,11880.3,51.34,1015.12,16.23
2025-07-07 05:00:00,11880.0,52.63,1014.45,15.16
2025-07-07 07:00:00,11880.0,53.41,1014.89,15.36
2025-07-07 09:00:00,11880.62,54.82,1016.32,15.96
2025-07-07 11:00:00,11883.0,53.09,1017.24,19.05
2025-07-07 13:00:00,11884.42,47.82,1016.65,23.94
2025-07-07 15:00:00,11882.8,44.87,1015.7,25.12
2025-07-07 17:00:00,11881.54,42.9,1015.88,26.49
2025-07-07 19:00:00,11880.36,46.85,1016.79,21.81
2025-07-07 21:00:00,11880.0,50.9,1017.45,19.68
2025-07-07 23:00:00,11880.0,52.38,1017.93,18.65
2025-07-08 01:00:00,11880.27,53.89,1018.27,17.29
2025-07-08 03:00:00,11881.0,55.93,1017.86,16.02
2025-07-08 05:00:00,11880.1,57.24,1017.58,15.11
2025-07-08 07:00:00,11879.83,58.35,1018.25,14.23
2025-07-08 09:00:00,11880.9,58.67,1018.94,14.51
2025-07-08 11:00:00,11882.73,55.71,1019.5,18.89
2025-07-08 13:00:00,11884.33,47.66,1018.58,24.16
2025-07-08 15:00:00,11883.0,38.03,1016.99,29.91
2025-07-08 17:00:00,11882.0,28.17,1016.43,36.32
2025-07-08 19:00:00,11880.25,36.38,1017.12,24.62
2025-07-08 21:00:00,11880.0,41.53,1018.04,21.41
2025-07-08 23:00:00,11880.0,44.69,1018.54,19.4
2025-07-09 01:00:00,11880.0,47.34,1018.92,17.73
2025-07-09 03:00:00,11880.58,49.92,1018.93,16.23
2025-07-09 05:00:00,11880.55,52.02,1018.55,15.41
2025-07-09 07:00:00,11880.0,53.52,1019.12,14.29
2025-07-09 09:00:00,11880.67,54.8,1019.89,14.62
2025-07-09 11:00:00,11882.88,53.09,1020.36,18.74
2025-07-09 13:00:00,11884.17,48.94,1019.11,23.13
2025-07-09 15:00:00,11882.91,39.62,1017.16,28.54
2025-07-09 17:00:00,11881.45,30.96,1016.15,32.62
2025-07-09 19:00:00,11879.91,38.75,1016.88,22.91
2025-07-09 21:00:00,11879.86,43.83,1018.23,19.5
2025-07-09 23:00:00,11880.0,47.99,1018.72,17.25
2025-07-10 01:00:00,11880.33,51.05,1019.11,15.89
2025-07-10 03:00:00,11881.0,53.2,1018.95,15.49
2025-07-10 05:00:00,11881.0,55.39,1018.59,14.94
2025-07-10 07:00:00,11880.62,56.6,1019.14,14.36
2025-07-10 09:00:00,11880.33,57.28,1020.0,14.34
2025-07-10 11:00:00,11881.09,57.37,1020.55,15.21
2025-07-10 13:00:00,11882.36,54.65,1019.71,18.27
2025-07-10 15:00:00,11883.0,45.06,1017.86,26.31
2025-07-10 17:00:00,11881.78,34.23,1017.27,30.85
2025-07-10 19:00:00,11880.18,44.16,1018.16,20.05
2025-07-10 21:00:00,11880.8,48.5,1019.24,17.33
2025-07-10 23:00:00,11881.0,50.71,1019.62,15.72
2025-07-11 01:00:00,11880.25,52.39,1019.75,14.56
2025-07-11 03:00:00,11880.0,53.31,1019.59,13.78
2025-07-11 05:00:00,11879.69,54.28,1019.34,12.18
2025-07-11 07:00:00,11880.0,55.54,1020.12,11.2
2025-07-11 09:00:00,11880.4,56.37,1020.78,11.83
2025-07-11 11:00:00,11882.92,56.96,1021.17,16.25
2025-07-11 13:00:00,11884.18,53.21,1020.3,21.31
2025-07-11 15:00:00,11884.0,46.42,1018.98,26.44
2025-07-11 17:00:00,11881.67,35.56,1018.54,32.25
2025-07-11 19:00:00,11880.1,43.4,1019.04,21.63
2025-07-11 21:00:00,11880.0,47.61,1019.86,18.93
2025-07-11 23:00:00,11881.0,48.71,1020.43,17.37
2025-07-12 01:00:00,11881.0,49.99,1020.31,16.38
2025-07-12 03:00:00,11880.25,52.55,1020.25,15.43
2025-07-12 05:00:00,11880.0,54.95,1019.3,14.15
2025-07-12 07:00:00,11880.25,56.89,1019.78,13.89
2025-07-12 09:00:00,11881.1,59.19,1020.1,13.91
2025-07-12 11:00:00,11881.92,59.37,1020.9,15.3
2025-07-12 13:00:00,11882.67,56.73,1019.96,19.33
2025-07-12 15:00:00,11883.56,46.24,1017.78,25.37
2025-07-12 17:00:00,11882.17,43.73,1017.26,23.87
2025-07-12 19:00:00,11880.36,47.06,1017.21,20.87
2025-07-12 21:00:00,11880.0,50.79,1017.58,19.51
2025-07-12 23:00:00,11880.83,52.08,1017.88,18.47
2025-07-13 01:00:00,11880.92,53.19,1018.28,17.35
2025-07-13 03:00:00,11881.0,54.74,1018.73,16.44
2025-07-13 05:00:00,11881.0,56.98,1017.37,15.98
2025-07-13 07:00:00,11881.0,59.6,1017.82,15.58
2025-07-13 09:00:00,11880.77,60.31,1019.36,15.49
2025-07-13 11:00:00,11881.0,61.03,1019.5,15.66
2025-07-13 13:00:00,11881.86,61.51,1018.07,17.05
2025-07-13 15:00:00,11882.85,60.78,1016.81,19.0
2025-07-13 17:00:00,11882.33,59.31,1016.82,19.81
2025-07-13 19:00:00,11881.33,60.38,1017.19,18.2
2025-07-13 21:00:00,11881.0,61.41,1017.77,17.61
2025-07-13 23:00:00,11881.0,61.81,1018.26,16.98
2025-07-14 01:00:00,11881.0,62.48,1017.99,16.05
2025-07-14 03:00:00,11881.0,62.67,1017.5,15.16
2025-07-14 05:00:00,11880.91,63.36,1017.09,14.99
2025-07-14 07:00:00,11881.0,64.33,1016.96,15.08
2025-07-14 09:00:00,11880.71,65.2,1017.46,15.42
2025-07-14 11:00:00,11881.18,65.32,1017.84,16.83
2025-07-14 13:00:00,11882.89,61.96,1016.41,21.24
2025-07-14 15:00:00,11883.0,52.05,1014.23,27.57
2025-07-14 17:00:00,11881.79,42.53,1013.25,31.67
2025-07-14 19:00:00,11880.27,49.59,1013.34,24.45
2025-07-14 21:00:00,11880.0,53.64,1013.78,22.58
2025-07-14 23:00:00,11880.0,56.27,1013.97,20.63
2025-07-15 01:00:00,11880.0,58.07,1014.07,19.03
2025-07-15 03:00:00,11880.33,59.21,1013.54,18.04
2025-07-15 05:00:00,11881.0,61.13,1012.94,17.4
2025-07-15 07:00:00,11881.0,62.55,1012.73,17.0
2025-07-15 09:00:00,11881.38,63.28,1013.36,17.22
2025-07-15 11:00:00,11883.15,61.87,1013.12,20.1
2025-07-15 13:00:00,11883.0,55.48,1011.22,25.94
2025-07-15 15:00:00,11882.86,42.29,1008.46,32.68
2025-07-15 17:00:00,11880.81,34.3,1007.52,36.11
2025-07-15 19:00:00,11880.0,43.34,1007.39,26.89
2025-07-15 21:00:00,11880.0,47.49,1007.51,24.69
2025-07-15 23:00:00,11880.0,50.11,1007.95,23.64
2025-07-16 01:00:00,11879.0,52.75,1007.74,22.35
2025-07-16 03:00:00,11879.0,55.11,1006.98,21.79
2025-07-16 05:00:00,11879.2,56.82,1006.33,21.51
2025-07-16 07:00:00,11880.0,58.85,1006.98,21.06
2025-07-16 09:00:00,11880.33,59.61,1007.49,21.58
2025-07-16 11:00:00,11880.67,58.81,1009.02,22.95
2025-07-16 13:00:00,11880.0,60.18,1009.22,22.29
2025-07-16 15:00:00,11880.0,63.81,1008.82,21.07
2025-07-16 17:00:00,11880.0,64.52,1010.33,18.81
2025-07-16 19:00:00,11880.0,64.12,1012.09,16.13
2025-07-16 21:00:00,11880.67,63.63,1013.19,15.33
2025-07-16 23:00:00,11880.4,62.75,1013.55,14.81
2025-07-17 01:00:00,11880.0,62.48,1013.8,14.12
2025-07-17 03:00:00,11880.0,62.86,1013.29,13.64
2025-07-17 05:00:00,11880.0,62.75,1012.63,13.14
2025-07-17 07:00:00,11880.0,63.41,1012.53,12.62
2025-07-17 09:00:00,11880.38,64.51,1013.35,13.05
2025-07-17 11:00:00,11881.0,64.95,1014.5,13.42
2025-07-17 13:00:00,11881.0,64.35,1014.66,13.79
2025-07-17 15:00:00,11881.0,63.97,1014.67,14.3
2025-07-17 17:00:00,11881.0,64.48,1015.47,13.99
2025-07-17 19:00:00,11880.67,65.15,1016.52,13.63
2025-07-17 21:00:00,11880.0,65.12,1017.34,13.29
2025-07-17 23:00:00,11880.0,64.51,1017.66,12.85
2025-07-18 01:00:00,11880.0,64.33,1017.58,12.18
2025-07-18 03:00:00,11880.0,64.29,1017.76,11.91
2025-07-18 05:00:00,11880.5,63.52,1016.84,11.85
2025-07-18 07:00:00,11880.64,63.16,1017.54,11.69
2025-07-18 09:00:00,11881.0,63.27,1018.52,11.96
2025-07-18 11:00:00,11882.0,63.25,1019.08,12.44
2025-07-18 13:00:00,11882.27,62.54,1018.5,14.36
2025-07-18 15:00:00,11883.0,54.83,1016.8,21.59
2025-07-18 17:00:00,11883.0,43.54,1016.19,24.94
2025-07-18 19:00:00,11881.44,49.47,1016.58,17.04
2025-07-18 21:00:00,11880.27,53.67,1016.95,14.68
2025-07-18 23:00:00,11879.85,55.74,1017.22,13.61
2025-07-19 01:00:00,11879.57,57.3,1017.13,12.46
2025-07-19 03:00:00,11879.91,58.48,1016.66,11.87
2025-07-19 05:00:00,11880.9,59.63,1016.33,11.99
2025-07-19 07:00:00,11881.0,61.67,1017.04,12.01
2025-07-19 09:00:00,11881.2,62.8,1018.01,12.17
2025-07-19 11:00:00,11882.0,63.47,1018.57,13.84
2025-07-19 13:00:00,11882.9,61.93,1017.38,17.55
2025-07-19 15:00:00,11883.78,52.7,1014.93,24.54
2025-07-19 17:00:00,11882.18,39.16,1014.11,29.01
2025-07-19 19:00:00,11881.14,46.35,1014.57,21.22
2025-07-19 21:00:00,11880.5,49.04,1015.17,19.06
2025-07-19 23:00:00,11880.0,51.51,1014.89,17.07
2025-07-20 01:00:00,11879.89,53.71,1014.69,15.65
2025-07-20 03:00:00,11879.0,55.97,1014.54,14.38
2025-07-20 05:00:00,11879.0,56.78,1014.17,13.46
2025-07-20 07:00:00,11880.0,58.03,1014.39,12.77
2025-07-20 09:00:00,11881.22,59.31,1014.94,13.16
2025-07-20 11:00:00,11883.33,59.96,1014.98,16.71
2025-07-20 13:00:00,11885.0,54.65,1013.2,22.97
2025-07-20 15:00:00,11883.36,46.26,1010.94,27.72
2025-07-20 17:00:00,11881.92,37.58,1009.87,30.7
2025-07-20 19:00:00,11880.13,44.65,1010.57,23.52
2025-07-20 21:00:00,11880.0,48.65,1011.14,21.36
2025-07-20 23:00:00,11880.0,51.16,1011.31,19.16
2025-07-21 01:00:00,11880.0,53.33,1011.57,17.66
2025-07-21 03:00:00,11880.0,54.74,1011.22,16.36
2025-07-21 05:00:00,11880.0,55.69,1010.66,15.5
2025-07-21 07:00:00,11880.0,56.63,1010.72,15.19
2025-07-21 09:00:00,11880.56,57.99,1011.59,15.78
2025-07-21 11:00:00,11883.81,58.06,1011.62,19.28
2025-07-21 13:00:00,11884.14,51.73,1009.98,24.81
2025-07-21 15:00:00,11883.3,42.86,1008.5,30.48
2025-07-21 17:00:00,11881.67,34.05,1007.94,34.62
2025-07-21 19:00:00,11880.09,41.78,1008.5,26.26
2025-07-21 21:00:00,11879.73,45.51,1009.44,23.83
2025-07-21 23:00:00,11879.89,47.52,1009.8,22.1
2025-07-22 01:00:00,11880.0,49.04,1010.0,20.91
2025-07-22 03:00:00,11879.82,51.1,1010.04,19.86
2025-07-22 05:00:00,11880.0,53.34,1010.08,18.72
2025-07-22 07:00:00,11880.0,54.79,1011.17,17.64
2025-07-22 09:00:00,11881.5,55.39,1012.73,18.24
2025-07-22 11:00:00,11883.11,52.98,1013.7,22.23
2025-07-22 13:00:00,11883.12,46.93,1012.96,26.09
2025-07-22 15:00:00,11882.5,42.94,1012.2,27.12
2025-07-22 17:00:00,11881.46,44.67,1013.08,24.74
2025-07-22 19:00:00,11880.0,49.46,1015.06,20.35
2025-07-22 21:00:00,11880.0,52.22,1016.49,18.2
2025-07-22 23:00:00,11880.0,53.98,1017.69,17.28
2025-07-23 01:00:00,11880.0,54.79,1018.16,17.04
2025-07-23 03:00:00,11880.7,55.9,1018.11,15.89
2025-07-23 05:00:00,11881.0,55.88,1018.14,15.67
2025-07-23 07:00:00,11881.0,56.87,1018.4,15.07
2025-07-23 09:00:00,11881.08,57.72,1020.36,15.35
2025-07-23 11:00:00,11882.0,56.9,1020.67,16.47
2025-07-23 13:00:00,11883.15,51.99,1019.4,19.32
2025-07-23 15:00:00,11882.0,49.47,1018.22,18.9
2025-07-23 17:00:00,11881.57,49.32,1017.62,18.36
2025-07-23 19:00:00,11881.0,49.79,1018.04,17.39
2025-07-23 21:00:00,11881.0,51.41,1018.23,16.44
2025-07-23 23:00:00,11881.0,51.64,1018.57,15.49
2025-07-24 01:00:00,11880.5,51.96,1018.56,14.52
2025-07-24 03:00:00,11880.0,52.66,1017.55,13.79
2025-07-24 05:00:00,11880.0,53.93,1016.34,12.8
2025-07-24 07:00:00,11880.0,55.26,1017.04,12.59
2025-07-24 09:00:00,11880.5,55.71,1017.37,13.22
2025-07-24 11:00:00,11882.7,53.09,1016.01,16.23
2025-07-24 13:00:00,11883.92,47.62,1013.87,20.78
2025-07-24 15:00:00,11883.56,39.07,1011.3,27.86
2025-07-24 17:00:00,11882.18,35.16,1010.08,28.53
2025-07-24 19:00:00,11881.0,41.41,1009.69,21.77
2025-07-24 21:00:00,11880.15,46.12,1009.48,19.5
2025-07-24 23:00:00,11880.0,50.29,1009.55,18.07
2025-07-25 01:00:00,11880.6,52.97,1010.02,17.81
2025-07-25 03:00:00,11881.75,54.83,1009.87,17.69
2025-07-25 05:00:00,11882.0,56.31,1009.29,17.8
2025-07-25 07:00:00,11881.33,57.69,1008.75,17.7
2025-07-25 09:00:00,11881.67,58.85,1009.65,18.03
2025-07-25 11:00:00,11881.5,59.57,1010.14,18.95
2025-07-25 13:00:00,11882.44,58.06,1008.91,22.51
2025-07-25 15:00:00,11882.62,49.76,1006.8,28.62
2025-07-25 17:00:00,11881.33,43.29,1006.25,30.4
2025-07-25 19:00:00,11880.67,49.28,1006.93,24.78
2025-07-25 21:00:00,11880.0,53.4,1007.86,22.62
2025-07-25 23:00:00,11880.0,55.85,1008.89,21.66
2025-07-26 01:00:00,11880.0,56.98,1009.31,21.01
2025-07-26 03:00:00,11880.23,58.26,1009.56,19.97
2025-07-26 05:00:00,11880.79,59.25,1009.21,19.63
2025-07-26 07:00:00,11881.0,60.95,1008.99,18.98
2025-07-26 09:00:00,11881.0,62.99,1010.37,19.17
2025-07-26 11:00:00,11881.56,63.42,1010.88,19.93
2025-07-26 13:00:00,11881.67,63.49,1009.05,20.22
2025-07-26 15:00:00,11881.0,63.92,1008.47,19.88
2025-07-26 17:00:00,11881.0,63.5,1007.58,19.84
2025-07-26 19:00:00,11881.0,63.61,1007.98,19.02
2025-07-26 21:00:00,11881.0,63.89,1008.82,18.56
2025-07-26 23:00:00,11881.0,64.03,1008.79,17.9
2025-07-27 01:00:00,11880.9,63.83,1007.55,17.16
2025-07-27 03:00:00,11880.88,63.95,1007.2,16.66
2025-07-27 05:00:00,11880.73,64.56,1006.8,15.14
2025-07-27 07:00:00,11880.77,65.15,1005.56,14.73
2025-07-27 09:00:00,11880.4,65.71,1005.74,14.87
2025-07-27 11:00:00,11880.88,65.68,1006.53,15.66
2025-07-27 13:00:00,11880.91,66.88,1006.03,15.49
2025-07-27 15:00:00,11881.0,67.21,1004.64,15.97
2025-07-27 17:00:00,11881.0,67.15,1005.05,16.02
2025-07-27 19:00:00,11881.0,66.59,1006.82,16.05
2025-07-27 21:00:00,11881.0,67.2,1008.53,15.72
2025-07-27 23:00:00,11881.0,67.51,1009.79,15.4
2025-07-28 01:00:00,11881.0,67.54,1011.08,15.17
2025-07-28 03:00:00,11881.0,67.36,1012.27,14.99
2025-07-28 05:00:00,11880.7,66.49,1013.98,14.47
2025-07-28 07:00:00,11880.6,65.87,1016.0,13.45
2025-07-28 09:00:00,11881.27,66.0,1018.02,14.09
2025-07-28 11:00:00,11882.8,64.06,1019.29,16.3
2025-07-28 13:00:00,11883.83,58.92,1019.99,19.88
2025-07-28 15:00:00,11884.0,52.26,1019.46,22.88
2025-07-28 17:00:00,11882.67,43.91,1019.49,26.97
2025-07-28 19:00:00,11881.1,48.1,1020.52,19.17
2025-07-28 21:00:00,11880.3,51.51,1021.19,17.11
2025-07-28 23:00:00,11880.29,53.89,1021.72,15.59
2025-07-29 01:00:00,11880.0,55.53,1021.72,14.29
2025-07-29 03:00:00,11879.73,56.43,1021.43,13.36
2025-07-29 05:00:00,11880.0,57.78,1021.06,12.24
2025-07-29 07:00:00,11880.0,58.8,1021.45,11.52
2025-07-29 09:00:00,11881.82,59.1,1022.36,12.61
2025-07-29 11:00:00,11883.57,57.51,1022.78,15.67
2025-07-29 13:00:00,11885.12,50.03,1021.48,20.72
2025-07-29 15:00:00,11884.55,41.16,1019.06,26.42
2025-07-29 17:00:00,11882.0,33.16,1017.96,31.72
2025-07-29 21:00:00,11880.0,44.19,1018.29,17.88
2025-07-29 23:00:00,11880.0,47.48,1018.46,16.28
2025-07-30 01:00:00,11879.58,50.35,1018.38,14.88
2025-07-30 03:00:00,11879.0,52.62,1017.91,13.85
2025-07-30 05:00:00,11879.91,54.02,1017.04,12.91
2025-07-30 07:00:00,11880.0,55.17,1016.9,12.26
2025-07-30 09:00:00,11881.17,56.24,1017.02,12.64
2025-07-30 11:00:00,11883.2,52.92,1016.75,17.28
2025-07-30 13:00:00,11884.62,45.65,1015.3,21.71
2025-07-30 15:00:00,11883.08,38.96,1013.29,25.98
2025-07-30 17:00:00,11881.56,32.63,1011.84,28.67
2025-07-30 19:00:00,11879.64,39.1,1011.37,20.7
2025-07-30 21:00:00,11880.0,43.57,1011.2,18.54
2025-07-30 23:00:00,11880.17,47.1,1011.38,17.11
2025-07-31 01:00:00,11880.0,50.49,1011.13,15.9
2025-07-31 03:00:00,11880.08,52.26,1010.76,15.33
2025-07-31 05:00:00,11880.2,53.68,1010.33,14.75
2025-07-31 07:00:00,11880.5,54.48,1010.29,14.58
2025-07-31 09:00:00,11881.5,54.4,1010.34,15.62
2025-07-31 11:00:00,11883.85,49.49,1009.85,20.36
2025-08-01 13:00:00,11883.5,39.38,1002.38,27.7
2025-08-01 15:00:00,11882.45,34.25,999.27,32.49
2025-08-01 17:00:00,11881.4,33.3,999.28,32.19
2025-08-01 19:00:00,11880.43,39.09,1000.59,27.41
2025-08-01 21:00:00,11879.83,41.96,1001.82,26.27
2025-08-01 23:00:00,11879.73,43.97,1001.74,25.53
2025-08-02 01:00:00,11880.0,47.33,1000.71,24.15
2025-08-02 03:00:00,11880.0,51.02,1001.9,22.93
2025-08-02 05:00:00,11880.0,56.69,1001.65,21.48
2025-08-02 07:00:00,11880.0,58.64,1003.66,21.43
2025-08-02 09:00:00,11880.33,59.57,1005.85,22.03
2025-08-02 11:00:00,11882.11,58.12,1006.46,24.15
2025-08-02 13:00:00,11883.0,53.89,1005.82,27.12
2025-08-02 15:00:00,11882.0,47.06,1004.59,31.61
2025-08-02 17:00:00,11880.27,45.3,1004.96,29.35
2025-08-02 19:00:00,11880.11,50.66,1006.14,25.58
2025-08-02 21:00:00,11880.0,53.64,1006.77,23.66
2025-08-02 23:00:00,11880.0,55.84,1007.05,21.9
2025-08-03 01:00:00,11879.2,57.41,1008.23,20.63
2025-08-03 03:00:00,11879.1,58.49,1008.55,18.91
2025-08-03 05:00:00,11879.14,59.17,1009.03,17.4
2025-08-03 07:00:00,11880.0,58.87,1010.65,16.4
2025-08-03 09:00:00,11881.09,56.32,1011.92,17.34
2025-08-03 11:00:00,11883.15,49.38,1012.23,20.91
2025-08-03 13:00:00,11883.5,41.55,1011.98,24.95
2025-08-03 15:00:00,11883.56,34.71,1010.51,29.99
2025-08-03 17:00:00,11881.92,29.38,1010.32,33.13
2025-08-03 19:00:00,11881.0,35.4,1011.64,24.47
2025-08-03 21:00:00,11880.38,38.54,1013.4,21.86
2025-08-03 23:00:00,11880.0,40.09,1014.35,20.11
2025-08-04 01:00:00,11880.0,41.27,1015.64,19.04
2025-08-04 03:00:00,11880.0,42.56,1016.03,17.7
2025-08-04 05:00:00,11880.0,41.18,1016.33,16.59
2025-08-04 07:00:00,11880.4,41.15,1019.22,15.94
2025-08-04 09:00:00,11881.0,42.37,1020.76,15.53
2025-08-04 11:00:00,11883.0,38.91,1021.8,18.09
2025-08-04 13:00:00,11884.09,31.91,1021.08,23.62
2025-08-04 15:00:00,11883.29,29.17,1019.88,26.3
2025-08-04 17:00:00,11881.83,26.78,1020.03,26.28
2025-08-04 19:00:00,11880.0,31.32,1021.15,20.72
2025-08-04 21:00:00,11880.0,35.43,1022.61,18.28
2025-08-04 23:00:00,11880.0,39.27,1023.37,16.43
2025-08-05 01:00:00,11880.71,42.2,1023.49,14.91
2025-08-05 03:00:00,11880.0,44.19,1023.11,13.61
2025-08-05 05:00:00,11880.0,45.75,1022.98,12.53
2025-08-05 07:00:00,11880.0,47.54,1023.39,11.4
2025-08-05 09:00:00,11881.17,48.23,1023.99,12.37
2025-08-05 11:00:00,11884.0,43.04,1024.28,16.75
2025-08-05 13:00:00,11885.0,35.72,1022.28,22.71
2025-08-05 15:00:00,11884.33,29.77,1020.24,27.92
2025-08-05 17:00:00,11882.27,24.53,1019.57,28.9
2025-08-05 19:00:00,11880.5,29.71,1019.91,21.28
2025-08-05 21:00:00,11880.0,34.4,1020.36,18.17
2025-08-05 23:00:00,11880.54,38.24,1020.36,16.54
2025-08-06 01:00:00,11881.0,41.25,1019.71,15.3
2025-08-06 03:00:00,11880.55,43.52,1018.98,14.16
2025-08-06 05:00:00,11880.0,46.08,1017.94,12.85
2025-08-06 07:00:00,11880.0,48.28,1017.93,12.11
2025-08-06 09:00:00,11881.55,50.06,1018.09,13.06
2025-08-06 11:00:00,11883.77,50.46,1017.85,16.97
2025-08-06 13:00:00,11885.79,47.19,1016.12,21.9
2025-08-06 15:00:00,11884.43,41.2,1014.28,27.02
2025-08-06 17:00:00,11881.83,32.2,1012.92,31.04
2025-08-06 19:00:00,11880.46,38.54,1013.47,22.67
2025-08-06 21:00:00,11879.71,43.57,1014.32,19.61
2025-08-06 23:00:00,11880.0,46.97,1014.38,18.36
2025-08-07 01:00:00,11880.18,49.14,1014.7,17.32
2025-08-07 03:00:00,11881.0,50.87,1014.54,16.71
2025-08-07 05:00:00,11881.29,54.03,1013.9,15.5
2025-08-07 07:00:00,11881.0,56.02,1014.44,15.13
2025-08-07 09:00:00,11881.0,57.19,1015.52,15.4
2025-08-07 11:00:00,11882.0,56.17,1016.5,16.77
2025-08-07 13:00:00,11883.45,52.72,1016.07,20.05
2025-08-07 15:00:00,11883.47,43.73,1014.96,25.22
2025-08-07 17:00:00,11881.86,36.36,1015.04,27.85
2025-08-07 19:00:00,11880.36,40.08,1015.81,20.92
2025-08-07 21:00:00,11880.4,43.82,1017.01,18.26
2025-08-07 23:00:00,11880.9,47.51,1018.24,16.33
2025-08-08 01:00:00,11880.91,49.96,1019.35,15.12
2025-08-08 03:00:00,11880.1,51.85,1019.35,13.3
2025-08-08 05:00:00,11880.0,52.53,1018.84,12.11
2025-08-08 07:00:00,11880.0,53.69,1019.77,11.23
2025-08-08 09:00:00,11881.29,55.06,1020.8,12.09
2025-08-08 11:00:00,11882.0,54.03,1021.39,13.98
2025-08-08 13:00:00,11882.78,49.63,1021.03,15.01
2025-08-08 15:00:00,11882.5,47.71,1020.32,15.28
2025-08-08 17:00:00,11882.0,46.59,1020.19,15.3
2025-08-08 19:00:00,11882.0,47.66,1020.37,14.74
2025-08-08 21:00:00,11881.6,48.72,1020.75,13.8
2025-08-08 23:00:00,11880.82,49.62,1020.89,12.91
2025-08-09 01:00:00,11880.0,51.1,1020.81,12.08
2025-08-09 03:00:00,11880.0,52.88,1020.27,11.1
2025-08-09 05:00:00,11880.0,54.19,1019.81,10.36
2025-08-09 07:00:00,11880.27,55.64,1020.5,9.74
2025-08-09 09:00:00,11881.69,56.21,1021.41,10.9
2025-08-09 11:00:00,11884.5,53.45,1021.99,14.48
2025-08-09 13:00:00,11885.18,44.0,1020.53,19.92
2025-08-09 15:00:00,11884.8,35.47,1018.5,24.45
2025-08-09 17:00:00,11883.0,29.33,1017.97,27.44
2025-08-09 19:00:00,11881.27,32.81,1018.04,19.71
2025-08-09 21:00:00,11881.0,36.01,1018.37,17.28
2025-08-09 23:00:00,11880.86,37.54,1018.59,15.18
2025-08-10 01:00:00,11879.8,39.86,1019.06,13.37
2025-08-10 03:00:00,11879.0,42.39,1018.8,11.82
2025-08-10 05:00:00,11879.55,44.21,1018.77,10.8
2025-08-10 07:00:00,11880.27,46.55,1019.21,9.82
2025-08-10 09:00:00,11881.73,47.76,1020.28,11.16
2025-08-10 11:00:00,11884.4,45.27,1021.22,15.71
2025-08-10 13:00:00,11885.2,36.48,1020.09,20.81
2025-08-10 15:00:00,11884.57,31.49,1018.03,24.88
2025-08-10 17:00:00,11882.0,26.76,1017.56,29.36
2025-08-10 19:00:00,11880.7,32.22,1018.47,21.47
2025-08-10 21:00:00,11880.36,35.72,1018.84,18.61
2025-08-10 23:00:00,11880.21,39.61,1018.8,16.38
2025-08-11 01:00:00,11880.11,41.55,1018.5,14.87
2025-08-11 03:00:00,11879.69,44.04,1017.84,13.5
2025-08-11 05:00:00,11879.23,46.09,1017.41,12.19
2025-08-11 07:00:00,11879.5,47.55,1018.2,11.22
2025-08-11 09:00:00,11882.0,48.52,1019.36,12.6
2025-08-11 11:00:00,11883.9,45.74,1019.56,18.13
2025-08-11 13:00:00,11885.27,40.79,1018.44,21.21
2025-08-11 15:00:00,11883.75,33.97,1016.33,25.54
2025-08-11 17:00:00,11882.36,28.97,1015.16,27.5
2025-08-11 19:00:00,11880.33,34.16,1014.99,21.78
2025-08-11 21:00:00,11879.82,37.14,1015.11,19.41
2025-08-11 23:00:00,11880.0,41.39,1015.01,17.24
2025-08-12 01:00:00,11880.0,44.81,1014.69,16.01
2025-08-12 03:00:00,11880.67,47.67,1013.73,14.7
2025-08-12 05:00:00,11880.0,49.58,1012.9,13.37
2025-08-12 07:00:00,11880.0,50.98,1012.94,12.76
2025-08-12 09:00:00,11881.22,52.77,1013.37,13.74
2025-08-12 11:00:00,11883.77,51.88,1013.0,18.0
2025-08-12 13:00:00,11885.25,43.6,1011.38,23.11
2025-08-12 15:00:00,11883.78,34.99,1009.36,27.25
2025-08-12 17:00:00,11882.33,29.34,1008.39,29.09
2025-08-12 19:00:00,11880.33,33.25,1008.5,23.41
2025-08-12 21:00:00,11879.88,39.45,1009.07,20.13
2025-08-12 23:00:00,11879.78,43.57,1009.99,18.41
2025-08-13 01:00:00,11880.0,46.07,1011.32,17.11
2025-08-13 03:00:00,11880.0,48.09,1011.51,15.79
2025-08-13 05:00:00,11880.5,49.41,1011.84,14.65
2025-08-13 07:00:00,11880.0,50.95,1012.86,13.78
2025-08-13 09:00:00,11881.38,51.5,1014.33,15.12
2025-08-13 11:00:00,11884.0,49.6,1015.6,20.15
2025-08-13 13:00:00,11884.38,39.89,1014.98,26.46
2025-08-13 15:00:00,11884.2,33.94,1014.22,30.42
2025-08-13 17:00:00,11882.27,31.13,1014.69,29.65
2025-08-13 19:00:00,11881.11,39.18,1016.66,22.48
2025-08-13 21:00:00,11879.5,43.52,1018.61,19.21
2025-08-13 23:00:00,11879.78,45.64,1019.39,17.44
2025-08-14 01:00:00,11880.15,46.22,1020.64,16.28
2025-08-14 03:00:00,11880.55,48.26,1020.67,13.97
2025-08-14 05:00:00,11880.33,49.44,1020.73,12.59
2025-08-14 07:00:00,11880.0,50.49,1021.72,11.4
2025-08-14 09:00:00,11880.67,50.38,1023.28,12.66
2025-08-14 11:00:00,11884.0,47.44,1023.67,16.01
2025-08-14 13:00:00,11885.1,42.85,1022.7,20.25
2025-08-14 15:00:00,11884.62,35.83,1021.26,25.92
2025-08-14 17:00:00,11882.27,29.0,1020.58,28.41
2025-08-14 19:00:00,11880.27,33.58,1020.81,20.71
2025-08-14 21:00:00,11880.0,38.98,1022.09,17.26
2025-08-14 23:00:00,11880.0,42.38,1022.59,15.36
2025-08-15 01:00:00,11880.0,44.67,1022.51,14.03
2025-08-15 03:00:00,11880.0,46.78,1021.98,12.8
2025-08-15 05:00:00,11880.0,49.81,1021.34,11.87
2025-08-15 07:00:00,11880.0,52.36,1021.44,11.18
2025-08-15 09:00:00,11882.0,53.88,1022.12,12.04
2025-08-15 11:00:00,11883.92,52.13,1021.47,15.48
2025-08-15 13:00:00,11884.89,46.63,1019.31,20.35
2025-08-15 15:00:00,11884.43,39.11,1016.46,25.24
2025-08-15 17:00:00,11882.4,40.04,1015.92,21.8
2025-08-15 19:00:00,11881.0,43.37,1015.62,19.86
2025-08-15 21:00:00,11881.0,45.16,1015.25,18.84
2025-08-15 23:00:00,11881.0,46.45,1015.09,17.99
2025-08-16 01:00:00,11881.0,48.22,1014.93,17.18
2025-08-16 03:00:00,11881.0,49.43,1014.14,16.68
2025-08-16 05:00:00,11880.75,51.29,1012.81,15.34
2025-08-16 07:00:00,11879.93,53.19,1013.29,14.48
2025-08-16 09:00:00,11881.23,54.5,1013.97,15.33
2025-08-16 11:00:00,11883.85,53.05,1012.43,19.78
2025-08-16 13:00:00,11885.0,49.08,1012.12,23.42
2025-08-16 15:00:00,11883.36,47.32,1011.5,24.36
2025-08-16 17:00:00,11882.8,40.26,1011.06,29.06
2025-08-16 19:00:00,11880.92,44.82,1011.82,21.87
2025-08-16 21:00:00,11880.33,48.05,1012.67,19.8
2025-08-16 23:00:00,11880.07,50.98,1013.32,18.4
2025-08-17 01:00:00,11880.44,53.71,1013.93,17.18
2025-08-17 03:00:00,11881.0,55.69,1014.05,16.01
2025-08-17 05:00:00,11881.0,56.65,1013.98,15.32
2025-08-17 07:00:00,11881.0,58.58,1014.73,14.83
2025-08-17 09:00:00,11881.27,58.6,1015.71,15.72
2025-08-17 11:00:00,11882.46,58.38,1015.81,17.01
2025-08-17 13:00:00,11883.89,54.33,1014.74,21.76
2025-08-17 15:00:00,11883.7,44.53,1012.57,28.02
2025-08-17 17:00:00,11881.83,34.93,1011.42,31.61
2025-08-17 19:00:00,11881.0,41.01,1011.72,23.79
2025-08-17 21:00:00,11880.0,45.6,1012.42,20.86
2025-08-17 23:00:00,11880.21,49.64,1012.53,19.55
2025-08-18 01:00:00,11880.92,53.39,1012.28,18.82
2025-08-18 03:00:00,11881.0,55.3,1011.9,18.67
2025-08-18 05:00:00,11881.0,57.18,1011.54,18.61
2025-08-18 07:00:00,11881.5,59.39,1011.48,18.41
2025-08-18 09:00:00,11881.0,60.53,1011.98,18.56
2025-08-18 11:00:00,11881.14,61.3,1012.1,19.42
2025-08-18 13:00:00,11882.0,61.11,1010.25,20.65
2025-08-18 15:00:00,11881.14,60.64,1008.38,21.19
2025-08-18 17:00:00,11881.5,59.74,1006.81,21.63
2025-08-18 19:00:00,11881.5,61.34,1006.43,20.3
2025-08-18 21:00:00,11881.0,62.03,1006.41,19.98
2025-08-18 23:00:00,11881.0,62.39,1006.17,19.36
2025-08-19 01:00:00,11881.0,62.74,1003.94,19.47
2025-08-19 03:00:00,11881.0,63.53,1001.97,19.43
2025-08-19 05:00:00,11881.0,64.32,1001.26,19.5
2025-08-19 07:00:00,11881.0,66.12,997.23,19.56
2025-08-19 09:00:00,11881.0,66.88,996.14,20.14
2025-08-19 11:00:00,11881.0,67.36,996.04,20.03
2025-08-19 13:00:00,11881.0,66.87,994.3,20.61
2025-08-19 15:00:00,11881.46,66.15,992.88,21.59
2025-08-19 17:00:00,11882.0,65.29,994.38,21.2
2025-08-19 19:00:00,11880.6,66.97,996.03,18.53
2025-08-19 21:00:00,11880.0,66.99,996.83,17.69
2025-08-19 23:00:00,11880.0,67.0,996.48,16.67
2025-08-20 01:00:00,11880.17,67.01,995.3,16.04
2025-08-20 03:00:00,11881.0,69.15,993.43,15.58
2025-08-20 05:00:00,11881.47,70.41,994.57,16.35
2025-08-20 07:00:00,11881.53,70.08,998.12,16.42
2025-08-20 09:00:00,11881.91,69.4,1000.74,16.89
2025-08-20 11:00:00,11882.18,67.29,1003.23,18.05
2025-08-20 13:00:00,11882.67,64.38,1004.61,20.27
2025-08-20 15:00:00,11883.0,56.62,1004.57,24.7
2025-08-20 17:00:00,11881.83,45.98,1004.83,26.95
2025-08-20 19:00:00,11880.0,48.65,1005.83,21.29
2025-08-20 21:00:00,11880.0,51.33,1007.32,19.26
2025-08-20 23:00:00,11880.09,52.89,1008.23,18.35
2025-08-21 01:00:00,11880.36,54.18,1008.83,17.39
2025-08-21 03:00:00,11880.33,56.58,1008.74,14.86
2025-08-21 05:00:00,11880.58,59.23,1008.94,14.2
2025-08-21 07:00:00,11880.0,59.56,1009.24,14.02
2025-08-21 09:00:00,11881.79,59.7,1009.58,15.84
2025-08-21 11:00:00,11885.0,56.78,1008.95,19.79
2025-08-21 13:00:00,11885.09,48.77,1006.8,24.83
2025-08-21 15:00:00,11883.73,40.9,1004.05,29.16
2025-08-21 17:00:00,11882.8,36.1,1001.44,29.55
2025-08-21 19:00:00,11880.8,40.42,1000.68,25.02
2025-08-21 21:00:00,11880.45,43.55,1000.12,23.14
2025-08-21 23:00:00,11881.0,47.06,999.42,22.07
2025-08-22 01:00:00,11880.8,51.12,997.84,21.69
2025-08-22 03:00:00,11880.82,54.7,995.83,21.22
2025-08-22 05:00:00,11879.7,58.5,993.87,21.18
2025-08-22 07:00:00,11880.0,60.68,994.55,20.87
2025-08-22 09:00:00,11881.58,60.71,995.59,22.05
2025-08-22 11:00:00,11882.69,59.04,995.98,25.69
2025-08-22 13:00:00,11883.33,54.17,994.48,30.83
2025-08-22 15:00:00,11882.42,46.66,993.42,33.99
2025-08-22 17:00:00,11881.0,45.56,995.22,30.84
2025-08-22 19:00:00,11880.0,47.12,997.89,26.78
2025-08-22 21:00:00,11880.33,50.22,1001.44,24.3
2025-08-22 23:00:00,11880.0,51.94,1003.51,21.94
2025-08-23 01:00:00,11879.27,53.31,1005.87,19.81
2025-08-23 03:00:00,11879.4,55.49,1009.13,17.56
2025-08-23 05:00:00,11880.0,56.03,1009.57,16.44
2025-08-23 07:00:00,11880.0,56.42,1012.57,15.76
2025-08-23 09:00:00,11880.75,55.77,1014.91,16.16
2025-08-23 11:00:00,11883.22,50.74,1016.2,18.0
2025-08-23 13:00:00,11884.23,42.59,1016.82,21.74
2025-08-23 15:00:00,11882.91,35.35,1016.13,26.01
2025-08-23 17:00:00,11881.71,28.11,1016.41,28.5
2025-08-23 19:00:00,11880.55,31.38,1018.19,20.76
2025-08-23 21:00:00,11880.0,34.42,1020.15,18.12
2025-08-23 23:00:00,11880.0,37.34,1021.74,16.42
2025-08-24 01:00:00,11880.22,39.23,1022.08,14.88
2025-08-24 03:00:00,11879.83,42.74,1021.41,13.22
2025-08-24 05:00:00,11880.0,43.73,1021.43,12.91
2025-08-24 07:00:00,11880.0,46.08,1021.84,11.36
2025-08-24 09:00:00,11882.17,47.21,1022.51,13.08
2025-08-24 11:00:00,11884.6,42.74,1022.54,16.88
2025-08-24 13:00:00,11886.0,35.92,1021.28,20.65
2025-08-24 15:00:00,11884.81,27.42,1018.76,26.8
2025-08-24 17:00:00,11882.11,21.16,1017.86,31.07
2025-08-24 19:00:00,11879.92,26.04,1017.97,21.54
2025-08-24 21:00:00,11879.5,32.14,1019.07,18.64
2025-08-24 23:00:00,11880.0,37.27,1018.83,16.26
2025-08-25 01:00:00,11880.2,42.74,1018.9,14.37
2025-08-25 03:00:00,11879.56,45.47,1018.62,12.69
2025-08-25 05:00:00,11879.83,47.18,1018.48,11.46
2025-08-25 07:00:00,11880.0,48.56,1018.98,11.45
2025-08-25 09:00:00,11882.3,48.84,1020.18,13.06
2025-08-25 11:00:00,11884.6,41.99,1020.08,18.68
2025-08-25 13:00:00,11886.0,34.93,1018.9,23.48
2025-08-25 15:00:00,11885.0,28.8,1017.47,28.9
2025-08-25 17:00:00,11883.18,23.84,1016.88,31.69
2025-08-25 19:00:00,11880.89,29.55,1017.72,23.59
2025-08-25 21:00:00,11879.55,36.98,1018.3,20.28
2025-08-25 23:00:00,11879.22,40.55,1019.14,18.47
2025-08-26 01:00:00,11879.5,43.28,1019.34,16.82
2025-08-26 03:00:00,11880.0,45.57,1019.17,15.9
2025-08-26 05:00:00,11880.0,47.32,1019.08,15.08
2025-08-26 07:00:00,11880.0,49.1,1020.02,13.88
2025-08-26 09:00:00,11882.18,49.61,1021.03,15.99
2025-08-26 11:00:00,11884.82,43.76,1021.02,20.17
2025-08-26 13:00:00,11885.62,34.68,1020.06,25.8
2025-08-26 15:00:00,11884.43,28.23,1018.81,30.72
2025-08-26 17:00:00,11882.25,23.32,1018.22,32.76
2025-08-26 19:00:00,11880.45,27.17,1018.66,25.89
2025-08-26 21:00:00,11880.0,31.89,1019.09,23.24
2025-08-26 23:00:00,11879.73,39.47,1019.51,20.9
2025-08-27 01:00:00,11879.0,42.1,1019.46,19.22
2025-08-27 03:00:00,11879.69,44.03,1019.25,17.69
2025-08-27 05:00:00,11880.0,45.35,1019.35,16.5
2025-08-27 07:00:00,11880.08,46.89,1020.27,15.51
2025-08-27 09:00:00,11882.21,47.4,1021.11,17.05
2025-08-27 11:00:00,11885.25,43.7,1021.09,21.63
2025-08-27 13:00:00,11885.15,37.45,1019.73,26.99
2025-08-27 15:00:00,11884.27,29.3,1017.67,33.37
2025-08-27 17:00:00,11882.08,23.81,1016.98,35.79
2025-08-27 19:00:00,11880.69,29.04,1017.61,27.64
2025-08-27 21:00:00,11879.64,33.98,1018.32,24.25
2025-08-27 23:00:00,11880.08,36.18,1018.33,22.0
2025-08-28 01:00:00,11879.5,39.59,1017.82,19.66
2025-08-28 03:00:00,11879.33,42.49,1017.32,18.38
2025-08-28 05:00:00,11880.0,46.37,1017.52,17.43
2025-08-28 07:00:00,11880.9,49.5,1017.9,16.54
2025-08-28 09:00:00,11881.92,51.08,1018.17,17.9
2025-08-28 11:00:00,11884.64,49.44,1017.67,22.85
2025-08-28 13:00:00,11885.33,43.63,1015.97,28.31
2025-08-28 15:00:00,11884.38,36.59,1013.92,33.43
2025-08-28 17:00:00,11881.18,29.12,1012.62,37.55
2025-08-28 19:00:00,11880.78,36.49,1012.69,29.17
2025-08-28 21:00:00,11879.5,42.03,1013.24,26.28
2025-08-28 23:00:00,11879.5,45.92,1013.25,24.33
2025-08-29 01:00:00,11879.83,48.92,1012.36,22.7
2025-08-29 03:00:00,11879.5,51.03,1011.45,21.4
2025-08-29 05:00:00,11879.17,52.48,1011.38,20.46
2025-08-29 07:00:00,11879.73,54.2,1011.87,19.29
2025-08-29 09:00:00,11881.78,54.93,1012.05,20.41
2025-08-29 11:00:00,11883.93,51.26,1011.24,24.92
2025-08-29 13:00:00,11884.33,44.75,1010.11,29.59
2025-08-29 15:00:00,11883.6,35.9,1008.1,34.42
2025-08-29 17:00:00,11881.29,29.05,1007.1,36.61
2025-08-29 19:00:00,11879.25,34.99,1007.44,29.64
2025-08-29 21:00:00,11880.56,40.89,1008.25,26.46
2025-08-29 23:00:00,11879.0,45.64,1008.55,24.71
2025-08-30 01:00:00,11879.73,49.14,1008.95,23.6
2025-08-30 03:00:00,11879.12,50.89,1009.2,22.82
2025-08-30 05:00:00,11879.69,52.87,1009.14,21.59
2025-08-30 07:00:00,11879.8,54.65,1009.97,21.06
2025-08-30 09:00:00,11881.55,54.84,1010.57,22.48
2025-08-30 11:00:00,11883.82,49.16,1009.88,27.55
2025-08-30 13:00:00,11884.2,42.13,1008.33,32.01
2025-08-30 15:00:00,11883.14,35.45,1006.54,36.45
2025-08-30 17:00:00,11882.12,34.24,1005.06,35.43
2025-08-30 19:00:00,11880.0,38.64,1004.96,31.49
2025-08-30 21:00:00,11879.08,43.17,1005.68,29.1
2025-08-30 23:00:00,11878.62,47.3,1005.85,27.21
2025-08-31 01:00:00,11878.22,50.51,1005.31,25.7
2025-08-31 03:00:00,11879.45,52.74,1004.32,24.74
2025-08-31 05:00:00,11880.0,53.75,1003.54,24.23
2025-08-31 07:00:00,11880.0,54.38,1004.1,23.77
2025-08-31 09:00:00,11880.0,54.96,1005.65,24.15
2025-08-31 11:00:00,11879.75,56.26,1005.75,23.17
2025-09-01 13:00:00,11880.31,63.19,1013.17,18.76
2025-09-01 15:00:00,11880.11,62.55,1013.08,18.79
2025-09-01 17:00:00,11880.7,61.38,1012.89,19.1
2025-09-01 19:00:00,11880.83,61.44,1012.85,18.92
2025-09-01 21:00:00,11880.14,62.12,1013.41,18.73
2025-09-01 23:00:00,11880.0,63.05,1012.97,18.62
2025-09-02 01:00:00,11880.0,63.55,1012.34,18.64
2025-09-02 03:00:00,11880.0,64.08,1011.53,18.71
2025-09-02 05:00:00,11880.0,65.44,1010.56,18.68
2025-09-02 07:00:00,11880.75,66.85,1010.07,18.98
2025-09-02 09:00:00,11881.09,67.43,1009.86,20.39
2025-09-02 11:00:00,11881.82,66.31,1009.33,22.21
2025-09-02 13:00:00,11881.36,64.4,1007.76,24.09
2025-09-02 15:00:00,11882.5,59.8,1005.75,26.39
2025-09-02 17:00:00,11880.62,62.25,1005.05,25.06
2025-09-02 19:00:00,11880.0,64.66,1005.29,24.35
2025-09-02 21:00:00,11880.0,66.02,1005.98,23.92
2025-09-02 23:00:00,11879.92,66.76,1005.9,23.69
2025-09-03 01:00:00,11879.33,67.37,1006.01,23.09
2025-09-03 03:00:00,11879.0,67.83,1005.66,22.49
2025-09-03 05:00:00,11879.0,67.81,1005.33,22.43
2025-09-03 07:00:00,11879.5,68.33,1005.77,22.21
2025-09-03 09:00:00,11879.7,68.7,1006.3,22.15
2025-09-03 11:00:00,11880.18,67.99,1006.63,22.97
2025-09-03 13:00:00,11880.5,66.8,1005.68,22.13
2025-09-03 15:00:00,11879.3,67.21,1005.03,20.72
2025-09-03 17:00:00,11880.0,66.39,1005.93,20.24
2025-09-03 19:00:00,11879.77,66.11,1007.79,19.51
2025-09-03 21:00:00,11879.06,65.96,1009.26,18.82
2025-09-03 23:00:00,11880.0,65.9,1010.32,17.75
2025-09-04 01:00:00,11880.0,65.38,1012.13,16.81
2025-09-04 03:00:00,11880.0,65.61,1012.36,16.08
2025-09-04 05:00:00,11880.31,64.13,1013.46,15.45
2025-09-04 07:00:00,11880.87,61.46,1015.45,15.0
2025-09-04 09:00:00,11881.14,59.06,1018.82,14.99
2025-09-04 11:00:00,11883.2,56.05,1019.47,17.12
2025-09-04 13:00:00,11884.36,49.74,1018.68,20.45
2025-09-04 15:00:00,11884.23,41.18,1017.83,24.05
2025-09-04 17:00:00,11882.11,31.6,1018.09,27.58
2025-09-04 19:00:00,11881.0,35.56,1019.49,18.56
2025-09-04 21:00:00,11880.54,39.46,1020.12,15.71
2025-09-04 23:00:00,11880.64,42.5,1021.58,13.91
2025-09-05 01:00:00,11879.87,44.92,1023.03,12.54
2025-09-05 03:00:00,11879.58,47.22,1022.8,10.69
2025-09-05 05:00:00,11880.14,48.93,1022.87,9.69
2025-09-05 07:00:00,11880.0,50.49,1023.02,8.88
2025-09-05 09:00:00,11882.75,49.99,1024.3,11.29
2025-09-05 11:00:00,11884.55,45.48,1025.02,15.03
2025-09-05 13:00:00,11885.1,38.76,1023.39,19.81
2025-09-05 15:00:00,11884.62,33.04,1021.56,24.98
2025-09-05 17:00:00,11882.77,27.33,1021.0,29.23
2025-09-05 19:00:00,11880.67,32.89,1021.87,19.34
2025-09-05 21:00:00,11879.93,38.02,1022.37,16.25
2025-09-05 23:00:00,11880.0,40.59,1023.23,14.62
2025-09-06 01:00:00,11879.45,42.51,1023.2,13.26
2025-09-06 03:00:00,11880.0,44.54,1022.6,11.9
2025-09-06 05:00:00,11880.0,46.19,1022.05,10.85
2025-09-06 07:00:00,11880.0,47.82,1023.24,9.88
2025-09-06 09:00:00,11882.9,48.32,1023.73,11.68
2025-09-06 11:00:00,11884.62,45.38,1023.39,16.52
2025-09-06 13:00:00,11885.75,38.56,1021.4,21.7
2025-09-06 15:00:00,11884.23,31.51,1019.4,26.85
2025-09-06 17:00:00,11882.12,26.25,1018.68,30.0
2025-09-06 19:00:00,11879.67,29.4,1018.99,21.96
2025-09-06 21:00:00,11879.27,34.81,1019.56,18.32
2025-09-06 23:00:00,11880.0,38.49,1019.78,15.83
2025-09-07 01:00:00,11880.0,40.05,1019.69,14.2
2025-09-07 03:00:00,11879.0,41.72,1018.73,12.73
2025-09-07 05:00:00,11879.0,43.01,1018.25,11.85
2025-09-07 07:00:00,11879.54,45.59,1018.66,10.93
2025-09-07 09:00:00,11882.73,47.64,1018.37,13.25
2025-09-07 11:00:00,11884.43,46.47,1017.62,18.44
2025-09-07 13:00:00,11885.91,41.02,1015.69,22.9
2025-09-07 15:00:00,11883.75,39.19,1013.72,23.41
2025-09-07 17:00:00,11882.0,38.99,1012.93,22.72
2025-09-07 19:00:00,11881.0,42.59,1012.34,20.87
2025-09-07 21:00:00,11880.4,45.86,1011.95,20.03
2025-09-07 23:00:00,11880.0,48.09,1011.73,19.6
2025-09-08 01:00:00,11881.0,50.26,1011.44,19.3
2025-09-08 03:00:00,11880.67,52.82,1009.91,18.76
2025-09-08 05:00:00,11881.0,56.29,1009.44,18.56
2025-09-08 07:00:00,11881.0,58.94,1009.39,18.15
2025-09-08 09:00:00,11881.69,61.21,1010.3,17.86
2025-09-08 11:00:00,11882.0,61.73,1009.86,18.65
2025-09-08 13:00:00,11881.73,62.14,1009.04,19.34
2025-09-08 15:00:00,11882.25,61.45,1007.52,20.42
2025-09-08 17:00:00,11881.9,59.72,1006.96,20.44
2025-09-08 19:00:00,11881.0,60.38,1008.06,19.7
2025-09-08 21:00:00,11881.0,61.29,1009.26,18.97
2025-09-08 23:00:00,11880.73,62.66,1010.11,18.4
2025-09-09 01:00:00,11880.64,63.55,1010.3,17.79
2025-09-09 03:00:00,11881.0,64.15,1010.35,17.0
2025-09-09 05:00:00,11881.0,64.16,1010.84,16.3
2025-09-09 07:00:00,11881.0,64.55,1012.22,15.54
2025-09-09 09:00:00,11882.71,63.75,1014.02,16.92
2025-09-09 11:00:00,11884.62,59.17,1014.5,20.33
2025-09-09 13:00:00,11885.2,48.66,1013.77,25.89
2025-09-09 15:00:00,11884.5,39.33,1012.33,29.8
2025-09-09 17:00:00,11882.18,31.97,1011.79,32.91
2025-09-09 19:00:00,11880.44,36.77,1012.48,25.44
2025-09-09 21:00:00,11879.79,42.17,1013.17,22.54
2025-09-09 23:00:00,11879.11,46.49,1012.97,20.24
2025-09-10 01:00:00,11878.58,48.78,1012.36,19.05
2025-09-10 03:00:00,11879.7,50.8,1011.43,17.63
2025-09-10 05:00:00,11880.0,52.48,1011.03,16.67
2025-09-10 07:00:00,11880.17,54.07,1011.18,16.17
2025-09-10 09:00:00,11882.55,54.81,1011.56,18.03
2025-09-10 11:00:00,11885.4,50.26,1011.44,23.02
2025-09-10 13:00:00,11884.69,41.49,1009.75,28.28
2025-09-10 15:00:00,11883.46,34.77,1008.47,33.04
2025-09-10 17:00:00,11881.33,28.48,1008.9,37.12
2025-09-10 19:00:00,11879.67,34.79,1009.14,28.74
2025-09-10 21:00:00,11879.75,40.54,1011.24,25.75
2025-09-10 23:00:00,11879.67,45.12,1013.28,23.83
2025-09-11 01:00:00,11879.5,47.86,1014.01,22.39
2025-09-11 03:00:00,11878.62,49.81,1014.35,21.43
2025-09-11 05:00:00,11879.12,51.87,1014.8,20.03
2025-09-11 07:00:00,11880.0,53.84,1016.35,18.87
2025-09-11 09:00:00,11882.2,52.44,1017.73,20.54
2025-09-11 11:00:00,11884.1,44.06,1018.21,24.4
2025-09-11 13:00:00,11884.36,34.55,1017.47,29.22
2025-09-11 15:00:00,11883.88,26.48,1015.79,34.4
2025-09-11 17:00:00,11880.93,20.24,1015.08,39.27
2025-09-11 19:00:00,11880.0,26.28,1016.1,28.83
2025-09-11 21:00:00,11879.58,31.26,1017.23,24.97
2025-09-11 23:00:00,11879.56,34.99,1017.45,22.37
2025-09-12 01:00:00,11879.36,37.7,1016.97,20.25
2025-09-12 03:00:00,11879.42,39.14,1015.98,19.21
2025-09-12 05:00:00,11879.0,40.82,1015.94,17.87
2025-09-12 07:00:00,11879.2,43.63,1017.28,16.33
2025-09-12 09:00:00,11882.08,44.47,1017.98,18.83
2025-09-12 11:00:00,11884.0,40.07,1017.85,23.59
2025-09-12 13:00:00,11885.11,32.89,1016.09,28.5
2025-09-12 15:00:00,11883.91,27.55,1014.33,32.47
2025-09-12 17:00:00,11881.78,22.95,1012.97,35.33
2025-09-12 19:00:00,11879.21,28.24,1013.0,26.72
2025-09-12 21:00:00,11878.92,32.65,1013.25,23.47
2025-09-12 23:00:00,11878.9,35.3,1013.24,21.29
2025-09-13 01:00:00,11878.83,38.74,1012.47,18.97
2025-09-13 03:00:00,11879.08,41.62,1011.36,17.36
2025-09-13 05:00:00,11880.0,45.32,1010.9,16.2
2025-09-13 07:00:00,11880.08,47.6,1011.14,15.0
2025-09-13 09:00:00,11882.45,47.9,1011.44,17.0
2025-09-13 11:00:00,11884.54,44.76,1010.7,22.05
2025-09-13 13:00:00,11885.08,39.37,1008.89,28.08
2025-09-13 15:00:00,11884.12,33.47,1006.25,33.31
2025-09-13 17:00:00,11881.55,29.33,1005.52,36.15
2025-09-13 19:00:00,11880.22,36.13,1006.13,29.63
2025-09-13 21:00:00,11879.11,40.88,1006.94,26.97
2025-09-13 23:00:00,11879.36,43.94,1007.43,25.08
2025-09-14 01:00:00,11879.31,45.64,1007.52,23.99
2025-09-14 03:00:00,11879.92,46.61,1007.37,23.17
2025-09-14 05:00:00,11880.0,48.03,1007.81,22.26
2025-09-14 07:00:00,11879.0,49.45,1009.46,21.65
2025-09-14 09:00:00,11881.29,48.86,1011.11,23.08
2025-09-14 11:00:00,11884.83,44.21,1010.84,27.37
2025-09-14 13:00:00,11884.33,37.53,1009.21,33.08
2025-09-14 15:00:00,11884.1,30.42,1007.23,38.41
2025-09-14 17:00:00,11882.15,25.25,1006.81,41.33
2025-09-14 19:00:00,11879.4,32.1,1006.94,33.93
2025-09-14 21:00:00,11879.0,38.34,1006.68,30.93
2025-09-14 23:00:00,11878.8,42.54,1007.42,29.41
2025-09-15 01:00:00,11878.33,47.86,1007.21,27.6
2025-09-15 03:00:00,11879.0,51.09,1006.2,26.22
2025-09-15 05:00:00,11879.17,53.18,1006.41,25.61
2025-09-15 07:00:00,11879.78,55.66,1008.04,24.75
2025-09-15 09:00:00,11880.0,57.83,1010.22,24.24
2025-09-15 11:00:00,11880.36,59.02,1011.41,24.73
2025-09-15 13:00:00,11880.0,60.09,1011.63,24.14
2025-09-15 15:00:00,11880.8,60.76,1010.4,23.8
2025-09-15 17:00:00,11880.73,61.3,1009.96,23.15
2025-09-15 19:00:00,11880.62,61.24,1009.65,22.62
2025-09-15 21:00:00,11880.0,62.27,1011.61,21.71
2025-09-15 23:00:00,11879.86,63.36,1012.46,21.32
2025-09-16 01:00:00,11879.57,63.12,1012.5,21.02
2025-09-16 03:00:00,11879.0,63.05,1011.81,19.69
2025-09-16 05:00:00,11879.5,63.26,1011.68,18.66
2025-09-16 07:00:00,11880.08,63.1,1012.72,18.4
2025-09-16 09:00:00,11882.45,62.24,1013.56,20.44
2025-09-16 11:00:00,11884.7,60.21,1013.25,24.16
2025-09-16 13:00:00,11885.2,54.16,1012.23,28.2
2025-09-16 15:00:00,11883.54,43.55,1010.32,33.38
2025-09-16 17:00:00,11881.88,35.21,1009.19,38.17
2025-09-16 19:00:00,11880.33,40.23,1009.41,29.97
2025-09-16 21:00:00,11878.92,45.5,1010.14,26.92
2025-09-16 23:00:00,11878.82,48.41,1010.65,24.65
2025-09-17 01:00:00,11878.78,51.01,1010.66,22.8
2025-09-17 03:00:00,11879.0,53.14,1010.0,21.41
2025-09-17 05:00:00,11879.0,54.89,1010.32,20.16
2025-09-17 07:00:00,11879.15,55.85,1011.32,19.2
2025-09-17 09:00:00,11881.75,56.51,1012.13,20.99
2025-09-17 11:00:00,11883.79,55.3,1012.03,24.23
2025-09-17 13:00:00,11884.67,48.56,1010.49,29.86
2025-09-17 15:00:00,11883.55,39.16,1008.34,35.44
2025-09-17 17:00:00,11881.91,30.85,1007.62,39.93
2025-09-17 19:00:00,11880.0,35.94,1008.37,31.57
2025-09-17 21:00:00,11878.86,41.17,1009.32,28.35
2025-09-17 23:00:00,11878.0,44.73,1009.19,26.43
2025-09-18 01:00:00,11878.38,47.54,1008.8,24.84
2025-09-18 03:00:00,11878.89,49.96,1008.08,23.9
2025-09-18 05:00:00,11879.8,53.13,1007.03,22.68
2025-09-18 07:00:00,11879.15,55.48,1008.23,22.17
2025-09-18 09:00:00,11880.4,55.51,1009.66,23.7
2025-09-18 11:00:00,11880.4,57.01,1011.0,23.16
2025-09-18 13:00:00,11880.0,60.17,1009.78,22.12
2025-09-18 15:00:00,11879.91,59.62,1007.47,22.54
2025-09-18 17:00:00,11880.08,60.74,1006.4,22.52
2025-09-18 19:00:00,11879.5,61.43,1006.39,22.15
2025-09-18 21:00:00,11879.1,62.28,1006.34,21.94
2025-09-18 23:00:00,11879.83,62.67,1006.43,21.7
2025-09-19 01:00:00,11879.0,62.75,1005.81,20.89
2025-09-19 03:00:00,11879.08,63.29,1004.88,20.41
2025-09-19 05:00:00,11880.0,63.74,1004.6,19.91
2025-09-19 07:00:00,11880.08,63.93,1005.3,20.21
2025-09-19 09:00:00,11882.3,63.33,1006.0,23.64
2025-09-19 11:00:00,11884.0,59.02,1005.59,28.04
2025-09-19 13:00:00,11883.83,49.32,1004.68,32.32
2025-09-19 15:00:00,11881.75,48.71,1003.71,29.74
2025-09-19 17:00:00,11879.8,53.86,1004.1,28.08
2025-09-19 19:00:00,11878.17,58.22,1003.7,26.54
2025-09-19 21:00:00,11878.4,60.79,1004.24,25.27
2025-09-19 23:00:00,11878.75,62.37,1005.8,24.97
2025-09-20 01:00:00,11879.22,63.34,1006.8,24.76
2025-09-20 03:00:00,11879.29,64.67,1006.27,24.18
2025-09-20 05:00:00,11879.22,65.71,1004.82,23.51
2025-09-20 07:00:00,11880.0,67.02,1004.71,23.22
2025-09-20 09:00:00,11880.0,68.49,1005.73,23.0
2025-09-20 11:00:00,11880.0,68.5,1006.17,22.88
2025-09-20 13:00:00,11880.13,67.35,1005.69,23.72
2025-09-20 15:00:00,11880.5,67.26,1003.22,23.09
2025-09-20 17:00:00,11879.42,67.05,998.06,23.15
2025-09-20 19:00:00,11880.0,66.89,997.67,22.62
2025-09-20 21:00:00,11880.0,67.39,996.32,22.07
2025-09-20 23:00:00,11879.33,67.84,996.19,21.99
2025-09-21 01:00:00,11879.27,67.83,995.42,22.11
2025-09-21 03:00:00,11879.4,68.82,997.16,21.56
2025-09-21 05:00:00,11879.25,69.45,993.99,21.23
2025-09-21 07:00:00,11879.0,69.82,994.87,21.25
2025-09-21 09:00:00,11880.2,68.86,996.43,22.93
2025-09-21 11:00:00,11883.2,65.92,996.6,25.51
2025-09-21 13:00:00,11882.38,63.42,996.79,25.15
2025-09-21 15:00:00,11881.86,59.27,996.76,25.64
2025-09-21 17:00:00,11880.69,58.38,997.46,24.08
2025-09-21 19:00:00,11879.82,57.97,998.27,22.89
2025-09-21 21:00:00,11879.1,57.72,1001.02,20.95
2025-09-21 23:00:00,11879.0,57.69,1003.45,20.0
2025-09-22 01:00:00,11879.0,58.2,1003.79,19.26
2025-09-22 03:00:00,11879.0,58.73,1003.42,18.16
2025-09-22 05:00:00,11879.1,59.75,1004.5,16.85
2025-09-22 07:00:00,11880.0,60.82,1006.01,16.42
2025-09-22 09:00:00,11882.8,58.7,1007.01,18.57
2025-09-22 11:00:00,11884.57,52.34,1007.77,22.05
2025-09-22 13:00:00,11885.0,42.38,1008.17,25.64
2025-09-22 15:00:00,11883.31,34.92,1007.34,28.31
2025-09-22 17:00:00,11881.08,29.42,1007.05,31.0
2025-09-22 19:00:00,11880.2,33.1,1008.3,25.21
2025-09-22 21:00:00,11880.0,36.83,1009.37,23.13
2025-09-22 23:00:00,11879.5,41.0,1010.34,20.5
2025-09-23 01:00:00,11879.0,44.13,1011.36,19.31
2025-09-23 03:00:00,11879.78,45.85,1011.8,18.45
2025-09-23 05:00:00,11880.0,48.83,1012.17,16.62
2025-09-23 07:00:00,11879.9,51.3,1013.55,16.49
2025-09-23 09:00:00,11883.2,49.76,1015.0,19.73
2025-09-23 11:00:00,11885.11,44.5,1015.23,23.69
2025-09-23 13:00:00,11885.42,35.37,1014.48,28.94
2025-09-23 15:00:00,11884.11,29.74,1013.37,32.77
2025-09-23 17:00:00,11881.4,24.23,1013.45,36.56
2025-09-23 19:00:00,11880.15,28.25,1015.07,29.0
2025-09-23 21:00:00,11880.0,34.33,1017.2,25.96
2025-09-23 23:00:00,11879.29,38.39,1018.48,23.79
2025-09-24 01:00:00,11879.94,41.12,1019.63,22.06
2025-09-24 03:00:00,11879.0,43.32,1020.13,20.47
2025-09-24 05:00:00,11878.89,46.42,1021.27,18.79
2025-09-24 07:00:00,11879.77,47.46,1023.3,18.35
2025-09-24 09:00:00,11882.4,45.97,1025.3,21.0
2025-09-24 11:00:00,11884.55,39.29,1025.91,25.38
2025-09-24 13:00:00,11884.43,30.75,1024.87,30.88
2025-09-24 15:00:00,11883.77,25.18,1023.4,35.17
2025-09-24 17:00:00,11882.15,20.89,1022.77,38.19
2025-09-24 19:00:00,11879.33,27.64,1022.93,28.58
2025-09-24 21:00:00,11877.92,32.43,1023.54,24.98
2025-09-24 23:00:00,11878.0,36.42,1023.9,22.66
2025-09-25 01:00:00,11879.0,39.37,1023.66,20.64
2025-09-25 03:00:00,11878.75,42.38,1023.18,18.76
2025-09-25 05:00:00,11879.0,46.43,1023.12,17.23
2025-09-25 07:00:00,11879.62,49.31,1024.58,16.88
2025-09-25 09:00:00,11882.83,49.59,1025.47,18.0
2025-09-25 11:00:00,11884.67,44.19,1024.89,22.29
2025-09-25 13:00:00,11885.5,36.52,1022.63,27.84
2025-09-25 15:00:00,11883.67,31.94,1020.21,31.96
2025-09-25 17:00:00,11881.92,26.85,1018.73,36.22
2025-09-25 19:00:00,11878.73,31.86,1018.67,27.93
2025-09-25 21:00:00,11878.43,36.46,1018.79,24.06
2025-09-25 23:00:00,11879.0,38.8,1018.44,21.61
2025-09-26 01:00:00,11879.27,41.0,1017.51,19.67
2025-09-26 03:00:00,11879.08,43.16,1016.26,18.72
2025-09-26 05:00:00,11879.5,46.44,1014.89,17.21
2025-09-26 07:00:00,11880.18,49.5,1014.65,16.56
2025-09-26 09:00:00,11882.8,48.92,1014.9,19.58
2025-09-26 11:00:00,11884.55,44.66,1013.92,24.53
2025-09-26 13:00:00,11884.56,38.08,1011.21,29.73
2025-09-26 15:00:00,11883.13,32.7,1007.95,33.69
2025-09-26 17:00:00,11882.0,28.18,1005.91,36.39
2025-09-26 19:00:00,11880.5,32.86,1005.85,29.27
2025-09-26 21:00:00,11878.67,38.07,1006.3,26.0
2025-09-26 23:00:00,11879.0,41.69,1006.5,24.1
2025-09-27 01:00:00,11879.2,44.11,1005.82,22.97
2025-09-27 03:00:00,11880.0,46.51,1003.29,21.62
2025-09-27 05:00:00,11880.0,48.05,1002.53,21.33
2025-09-27 07:00:00,11879.57,50.83,1003.67,20.88
2025-09-27 09:00:00,11880.0,53.99,1008.38,21.35
2025-09-27 11:00:00,11880.0,58.17,1007.41,20.87
2025-09-27 13:00:00,11880.0,60.54,1006.84,20.93
2025-09-27 15:00:00,11880.0,61.6,1007.12,20.83
2025-09-27 17:00:00,11880.43,59.33,1007.76,22.1
2025-09-27 19:00:00,11880.0,55.21,1008.91,21.16
2025-09-27 21:00:00,11880.0,54.31,1010.2,20.54
2025-09-27 23:00:00,11880.0,55.02,1010.64,20.24
2025-09-28 01:00:00,11880.0,55.62,1010.74,19.82
2025-09-28 03:00:00,11880.0,57.3,1010.69,18.17
2025-09-28 05:00:00,11880.0,58.36,1010.8,17.18
2025-09-28 07:00:00,11880.12,58.87,1011.62,17.07
2025-09-28 09:00:00,11882.38,57.61,1012.48,18.46
2025-09-28 11:00:00,11884.89,50.97,1012.35,22.69
2025-09-28 13:00:00,11885.71,43.89,1011.51,26.14
2025-09-28 15:00:00,11884.06,35.6,1009.93,30.56
2025-09-28 17:00:00,11881.5,25.88,1009.2,36.74
2025-09-28 19:00:00,11880.13,29.23,1009.16,28.13
2025-09-28 21:00:00,11879.0,35.97,1009.68,24.92
2025-09-28 23:00:00,11878.83,40.99,1010.6,22.81
2025-09-29 01:00:00,11879.0,44.89,1010.92,20.93
2025-09-29 03:00:00,11879.0,46.99,1010.39,19.19
2025-09-29 05:00:00,11879.0,48.73,1010.14,17.97
2025-09-29 07:00:00,11879.64,49.67,1011.02,17.12
2025-09-29 09:00:00,11883.0,49.29,1011.75,19.8
2025-09-29 11:00:00,11885.31,44.69,1011.17,24.96
2025-09-29 13:00:00,11884.91,38.17,1008.71,29.95
2025-09-29 15:00:00,11883.22,32.49,1007.13,33.64
2025-09-29 17:00:00,11882.4,29.4,1006.2,34.7
2025-09-29 19:00:00,11880.88,33.13,1006.63,30.9
2025-09-29 21:00:00,11879.47,39.23,1007.57,28.11
2025-09-29 23:00:00,11879.71,42.01,1008.42,27.27
2025-09-30 01:00:00,11879.0,43.62,1008.24,26.46
2025-09-30 03:00:00,11878.15,45.1,1007.1,25.83
2025-09-30 05:00:00,11879.0,47.17,1006.56,24.56
2025-09-30 07:00:00,11879.22,47.83,1007.84,24.03
2025-09-30 09:00:00,11880.8,48.8,1010.86,24.0
2025-09-30 11:00:00,11881.64,47.75,1011.59,25.37
2025-10-01 13:00:00,11884.0,40.64,1017.44,30.93
2025-10-01 15:00:00,11883.22,36.09,1015.91,34.22
2025-10-01 17:00:00,11881.9,34.68,1015.69,33.17
2025-10-01 19:00:00,11880.1,38.62,1015.99,29.77
2025-10-01 21:00:00,11879.12,43.15,1016.55,26.72
2025-10-01 23:00:00,11878.25,45.99,1016.8,25.11
2025-10-02 01:00:00,11879.0,48.83,1015.71,23.31
2025-10-02 03:00:00,11879.5,51.02,1014.99,22.02
2025-10-02 05:00:00,11878.9,52.63,1015.03,20.79
2025-10-02 07:00:00,11878.55,53.53,1016.14,20.63
2025-10-02 09:00:00,11881.25,53.15,1016.42,22.25
2025-10-02 11:00:00,11884.4,49.03,1015.4,26.57
2025-10-02 13:00:00,11884.5,41.92,1013.54,31.9
2025-10-02 15:00:00,11883.42,37.0,1011.67,34.82
2025-10-02 17:00:00,11882.5,36.59,1010.62,33.9
2025-10-02 19:00:00,11879.0,40.07,1011.29,31.77
2025-10-02 21:00:00,11879.0,43.12,1011.57,30.1
2025-10-02 23:00:00,11877.86,47.07,1011.03,27.8
2025-10-03 01:00:00,11878.0,50.8,1010.15,25.94
2025-10-03 03:00:00,11878.38,52.24,1009.2,25.1
2025-10-03 05:00:00,11879.33,54.05,1008.71,24.28
2025-10-03 07:00:00,11880.0,54.93,1009.04,24.69
2025-10-03 09:00:00,11882.1,54.69,1009.68,26.49
2025-10-03 11:00:00,11884.2,50.87,1008.99,30.13
2025-10-03 13:00:00,11884.44,45.0,1007.61,33.34
2025-10-03 15:00:00,11883.11,37.55,1005.01,35.2
2025-10-03 17:00:00,11880.7,33.63,1004.08,37.29
2025-10-03 19:00:00,11879.5,37.92,1004.57,33.36
2025-10-03 21:00:00,11878.86,43.99,1004.95,30.71
2025-10-03 23:00:00,11879.2,47.91,1004.67,28.53
2025-10-04 01:00:00,11877.8,51.33,1004.53,27.51
2025-10-04 03:00:00,11878.5,53.97,1003.47,26.3
2025-10-04 05:00:00,11878.13,55.26,1003.05,25.72
2025-10-04 07:00:00,11878.75,56.4,1003.75,25.42
2025-10-04 09:00:00,11881.13,56.63,1003.81,27.38
2025-10-04 11:00:00,11884.73,51.37,1002.93,31.82
2025-10-04 13:00:00,11884.0,45.77,1001.12,35.27
2025-10-04 15:00:00,11883.18,40.2,999.15,38.01
2025-10-04 17:00:00,11881.92,33.36,998.0,41.77
2025-10-04 19:00:00,11879.08,39.91,998.22,35.23
2025-10-04 21:00:00,11877.36,46.25,998.61,32.3
2025-10-04 23:00:00,11878.0,49.61,999.09,30.84
2025-10-05 01:00:00,11878.38,52.17,998.43,29.86
2025-10-05 03:00:00,11879.0,53.91,996.93,29.15
2025-10-05 05:00:00,11878.25,55.8,995.41,28.14
2025-10-05 07:00:00,11878.17,54.4,995.92,29.09
2025-10-05 09:00:00,11880.92,50.78,996.54,31.33
2025-10-05 11:00:00,11882.5,45.94,998.78,34.13
2025-10-05 13:00:00,11884.0,38.78,997.27,38.78
2025-10-05 15:00:00,11883.6,34.26,996.25,41.13
2025-10-05 17:00:00,11881.5,34.57,996.05,39.94
2025-10-05 19:00:00,11877.88,40.54,998.38,32.88
2025-10-05 21:00:00,11877.77,43.31,1001.32,30.13
2025-10-05 23:00:00,11879.18,46.79,1003.91,28.18
2025-10-06 01:00:00,11878.25,50.08,1004.96,25.31
2025-10-06 03:00:00,11878.0,52.25,1005.79,22.68
2025-10-06 05:00:00,11878.27,51.31,1008.15,20.72
2025-10-06 07:00:00,11879.12,50.51,1010.51,19.75
2025-10-06 09:00:00,11880.0,47.46,1012.87,20.29
2025-10-06 11:00:00,11880.75,42.74,1013.36,22.49
2025-10-06 13:00:00,11883.11,37.35,1012.73,24.94
2025-10-06 15:00:00,11883.46,31.89,1012.07,26.28
2025-10-06 17:00:00,11882.0,30.47,1012.26,25.62
2025-10-06 19:00:00,11880.15,30.86,1013.29,23.61
2025-10-06 21:00:00,11880.0,33.81,1015.02,21.38
2025-10-06 23:00:00,11878.42,36.95,1016.27,19.91
2025-10-07 01:00:00,11878.69,39.53,1016.93,18.88
2025-10-07 03:00:00,11878.9,42.31,1016.33,17.31
2025-10-07 05:00:00,11879.33,43.17,1016.42,16.57
2025-10-07 07:00:00,11880.27,44.98,1017.54,16.47
2025-10-07 09:00:00,11882.78,44.23,1018.44,18.67
2025-10-07 11:00:00,11885.69,35.66,1018.09,23.57
2025-10-07 13:00:00,11886.0,28.61,1016.49,29.11
2025-10-07 15:00:00,11883.58,23.48,1014.86,33.11
2025-10-07 17:00:00,11881.83,20.08,1014.31,36.18
2025-10-07 19:00:00,11879.25,,,
2025-10-07 21:00:00,11878.22,28.09,1016.37,25.06
2025-10-07 23:00:00,11878.0,32.08,1017.04,22.79
2025-10-08 01:00:00,11878.25,34.5,1017.01,21.08
2025-10-08 03:00:00,11878.2,37.94,1016.95,19.06
2025-10-08 05:00:00,11878.38,40.6,1017.1,17.67
2025-10-08 07:00:00,11879.5,41.87,1018.16,17.42
2025-10-08 11:00:00,11885.2,34.12,1019.03,26.69
2025-10-08 13:00:00,11885.0,29.4,1018.11,30.33
2025-10-10 11:00:00,11885.38,38.8,1011.55,30.1
2025-10-10 13:00:00,11886.0,,,
2025-10-12 11:00:00,11884.0,,,
2025-10-13 11:00:00,11884.67,37.85,1005.02,26.51
2025-10-13 23:00:00,11878.0,31.8,1007.79,24.4
2025-10-14 01:00:00,11878.0,35.0,1007.82,23.7
2025-10-14 03:00:00,11878.0,41.1,1008.07,22.32
2025-10-14 07:00:00,11878.67,,,
2025-10-14 09:00:00,11883.88,40.27,1011.39,25.04
2025-10-14 11:00:00,11885.4,31.38,1011.33,30.59
2025-10-14 13:00:00,11885.64,22.63,1010.09,35.41
2025-10-14 15:00:00,11883.75,19.16,1008.55,37.86
2025-10-14 17:00:00,11881.5,16.2,1007.54,41.13
2025-10-14 19:00:00,11878.44,19.56,1008.04,34.13
2025-10-14 21:00:00,11877.6,24.0,1009.19,29.85
2025-10-14 23:00:00,11877.78,28.02,1009.04,26.95
2025-10-15 01:00:00,11877.85,32.44,1008.79,24.97
2025-10-15 03:00:00,11878.0,35.79,1008.33,23.65
2025-10-15 05:00:00,11878.0,40.04,1008.21,21.54
2025-10-15 07:00:00,11879.27,43.14,1008.27,21.2
2025-10-15 09:00:00,11882.4,41.05,1007.99,24.98
2025-10-15 11:00:00,11884.29,35.39,1007.12,30.26
2025-10-15 13:00:00,11884.38,30.35,1005.8,33.6
2025-10-15 15:00:00,11884.0,27.01,1003.43,36.6
2025-10-15 17:00:00,11881.77,25.85,1002.24,37.02
2025-10-15 19:00:00,11879.5,28.42,1002.69,34.0
2025-10-15 21:00:00,11879.0,31.95,1003.32,32.38
2025-10-15 23:00:00,11879.0,35.64,1003.87,30.91
2025-10-16 01:00:00,11879.46,39.01,1003.75,29.59
2025-10-16 03:00:00,11879.0,41.84,1003.26,28.91
2025-10-16 05:00:00,11878.89,45.11,1003.65,27.95
2025-10-16 07:00:00,11878.38,47.98,1005.53,27.07
2025-10-16 09:00:00,11879.89,49.03,1006.4,27.64
2025-10-16 11:00:00,11880.75,48.21,1006.74,29.98
2025-10-16 13:00:00,11882.5,45.15,1005.69,33.08
2025-10-16 15:00:00,11882.55,41.94,1004.38,35.2
2025-10-16 17:00:00,11882.0,38.69,1003.45,36.77
2025-10-16 19:00:00,11879.62,40.67,1003.28,33.82
2025-10-16 21:00:00,11879.54,44.48,1004.17,31.77
2025-10-16 23:00:00,11878.38,47.2,1004.05,30.54
2025-10-17 01:00:00,11878.43,50.76,1004.37,28.7
2025-10-17 03:00:00,11878.42,52.6,1004.79,27.75
2025-10-17 05:00:00,11877.9,54.18,1005.11,27.52
2025-10-17 07:00:00,11879.0,55.09,1005.34,27.28
2025-10-17 09:00:00,11879.57,53.29,1006.36,29.32
2025-10-17 11:00:00,11882.17,47.48,1006.67,32.25
2025-10-17 13:00:00,11883.14,37.82,1005.29,36.4
2025-10-17 15:00:00,11883.0,31.81,1003.72,39.22
2025-10-17 17:00:00,11880.44,36.41,1004.29,34.54
2025-10-17 19:00:00,11879.33,42.59,1006.62,30.71
2025-10-17 21:00:00,11880.0,45.27,1009.03,27.64
2025-10-17 23:00:00,11877.73,47.91,1010.1,25.46
2025-10-18 01:00:00,11877.7,49.27,1010.22,24.97
2025-10-18 03:00:00,11878.14,50.56,1010.58,23.09
2025-10-18 05:00:00,11879.0,50.84,1012.58,21.38
2025-10-18 07:00:00,11879.14,51.16,1014.93,20.17
2025-10-18 09:00:00,11881.83,50.21,1016.45,23.01
2025-10-18 11:00:00,11885.0,43.05,1017.0,27.63
2025-10-18 13:00:00,11883.36,27.92,1016.23,33.27
2025-10-18 15:00:00,11883.55,21.84,1015.52,35.98
2025-10-18 17:00:00,11881.55,18.21,1015.56,38.5
2025-10-18 19:00:00,11879.64,20.49,1016.44,31.17
2025-10-18 21:00:00,11878.31,24.57,1017.79,27.13
2025-10-18 23:00:00,11877.33,28.66,1018.43,24.27
2025-10-19 01:00:00,11877.8,31.72,1018.29,22.3
2025-10-19 03:00:00,11878.85,34.77,1018.38,19.82
2025-10-19 05:00:00,11878.54,36.32,1019.17,18.47
2025-10-19 07:00:00,11879.62,38.89,1020.78,18.41
2025-10-19 09:00:00,11882.33,37.82,1021.5,21.02
2025-10-19 11:00:00,11885.07,31.62,1020.26,26.08
2025-10-19 13:00:00,11884.78,26.32,1018.79,30.64
2025-10-19 15:00:00,11884.18,21.56,1016.81,34.04
2025-10-19 17:00:00,11882.09,18.38,1015.24,36.73
2025-10-19 19:00:00,11880.6,21.82,1015.48,29.38
2025-10-19 21:00:00,11878.67,26.16,1016.16,26.27
2025-10-19 23:00:00,11878.09,29.73,1016.62,24.23
2025-10-20 01:00:00,11878.27,33.86,1016.03,21.94
2025-10-20 03:00:00,11878.64,37.26,1016.29,20.24
2025-10-20 05:00:00,11878.5,41.69,1016.8,18.45
2025-10-20 07:00:00,11879.83,44.79,1017.73,18.2
2025-10-20 09:00:00,11882.53,42.35,1017.78,21.42
2025-10-20 11:00:00,11885.08,35.16,1016.94,27.33
2025-10-20 13:00:00,11885.0,29.14,1014.98,31.83
2025-10-20 15:00:00,11884.1,25.54,1012.94,34.54
2025-10-20 17:00:00,11882.6,23.28,1012.02,35.72
2025-10-20 19:00:00,11880.0,26.52,1012.54,30.89
2025-10-20 21:00:00,11879.0,30.82,1013.43,28.73
2025-10-20 23:00:00,11877.8,34.25,1013.96,26.55
2025-10-21 01:00:00,11877.8,37.37,1013.42,23.98
2025-10-21 03:00:00,11878.33,40.16,1012.36,22.34
2025-10-21 05:00:00,11879.67,43.23,1012.76,21.1
2025-10-21 07:00:00,11879.36,45.35,1013.71,21.06
2025-10-21 09:00:00,11882.11,42.39,1014.51,24.21
2025-10-21 11:00:00,11884.71,34.89,1014.23,29.34
2025-10-21 13:00:00,11885.5,29.31,1012.71,33.45
2025-10-21 15:00:00,11883.64,25.98,1011.0,35.9
2025-10-21 17:00:00,11881.44,22.44,1009.23,37.48
2025-10-21 19:00:00,11879.42,24.97,1009.45,32.03
2025-10-21 21:00:00,11879.0,29.11,1010.23,29.1
2025-10-21 23:00:00,11878.08,32.96,1010.93,27.13
2025-10-22 01:00:00,11877.33,35.93,1010.76,25.19
2025-10-22 03:00:00,11878.1,39.26,1010.19,23.36
2025-10-22 05:00:00,11878.7,41.89,1010.44,22.35
2025-10-22 07:00:00,11879.55,43.29,1011.88,22.58
2025-10-22 09:00:00,11883.5,38.33,1012.89,27.19
2025-10-22 11:00:00,11884.08,33.18,1012.66,31.09
2025-10-22 13:00:00,11885.11,28.61,1011.8,34.31
2025-10-22 15:00:00,11883.33,24.65,1010.32,37.43
2025-10-22 17:00:00,11880.89,20.25,1009.37,39.82
2025-10-22 19:00:00,11878.93,23.7,1009.7,34.42
2025-10-22 21:00:00,11879.0,26.66,1010.39,32.12
2025-10-22 23:00:00,11879.0,30.65,1010.69,29.15
2025-10-23 01:00:00,11877.0,34.59,1009.73,26.75
2025-10-23 03:00:00,11879.0,37.45,1008.59,25.26
2025-10-23 05:00:00,11878.67,39.08,1009.12,24.89
2025-10-23 07:00:00,11879.5,40.27,1009.34,24.76
2025-10-23 09:00:00,11881.91,37.37,1010.37,27.87
2025-10-23 11:00:00,11883.55,33.08,1009.64,31.46
2025-10-23 13:00:00,11884.4,28.64,1007.45,34.7
2025-10-23 15:00:00,11883.38,27.55,1005.57,36.14
2025-10-23 17:00:00,11880.89,26.63,1004.88,37.0
2025-10-23 19:00:00,11878.62,31.3,1004.9,32.05
2025-10-23 21:00:00,11878.5,35.34,1005.44,29.99
2025-10-23 23:00:00,11879.25,38.77,1005.05,28.4
2025-10-24 01:00:00,11879.25,41.35,1004.42,27.3
2025-10-24 03:00:00,11878.6,42.37,1003.67,26.71
2025-10-24 05:00:00,11878.6,43.26,1002.76,26.02
2025-10-24 07:00:00,11878.86,43.65,1002.39,25.93
2025-10-24 09:00:00,11879.12,47.34,1002.95,24.47
2025-10-24 11:00:00,11879.33,51.69,1003.66,24.02
2025-10-24 13:00:00,11880.38,53.89,1002.17,24.39
2025-10-24 15:00:00,11881.18,50.96,1001.31,28.02
2025-10-24 17:00:00,11880.5,45.02,999.77,31.31
2025-10-24 19:00:00,11880.27,47.74,999.16,27.59
2025-10-24 21:00:00,11879.0,52.05,998.83,25.88
2025-10-24 23:00:00,11878.0,53.24,996.09,25.11
2025-10-25 01:00:00,11878.5,53.28,998.08,24.89
2025-10-25 03:00:00,11879.25,58.64,1000.07,22.11
2025-10-25 05:00:00,11880.0,60.4,1002.3,21.4
2025-10-25 07:00:00,11880.0,61.41,998.76,21.23
2025-10-25 09:00:00,11880.0,61.29,1001.46,22.39
2025-10-25 11:00:00,11882.83,57.75,1002.55,25.25
2025-10-25 13:00:00,11883.0,53.97,1003.36,27.43
2025-10-25 15:00:00,11883.0,46.2,1003.04,31.48
2025-10-25 17:00:00,11881.67,46.86,1004.97,27.88
2025-10-25 19:00:00,11880.11,49.23,1006.84,24.57
2025-10-25 21:00:00,11879.83,50.82,1009.19,23.08
2025-10-25 23:00:00,11879.45,51.86,1010.19,21.63
2025-10-26 01:00:00,11879.4,52.51,1010.53,20.49
2025-10-26 03:00:00,11879.0,53.05,1010.62,19.44
2025-10-26 05:00:00,11878.5,54.59,1010.54,18.33
2025-10-26 07:00:00,11879.42,54.37,1011.04,18.62
2025-10-26 09:00:00,11883.0,51.73,1011.02,21.21
2025-10-26 11:00:00,11885.55,48.04,1010.95,25.51
2025-10-26 13:00:00,11885.56,40.09,1009.8,31.03
2025-10-26 15:00:00,11884.15,33.52,1008.26,34.85
2025-10-26 17:00:00,11881.18,27.73,1007.07,38.03
2025-10-26 19:00:00,11879.71,30.22,1007.72,32.03
2025-10-26 21:00:00,11879.0,35.62,1008.83,27.67
2025-10-26 23:00:00,11877.89,38.29,1009.37,25.54
2025-10-27 01:00:00,11879.0,41.35,1009.76,23.42
2025-10-27 03:00:00,11879.0,44.43,1009.94,22.0
2025-10-27 05:00:00,11879.78,47.14,1010.25,20.81
2025-10-27 07:00:00,11879.33,48.91,1011.25,21.01
2025-10-27 09:00:00,11883.0,49.39,1012.13,24.06
2025-10-27 11:00:00,11884.83,45.27,1011.97,28.6
2025-10-27 13:00:00,11885.14,35.17,1010.81,33.84
2025-10-27 15:00:00,11884.1,29.42,1009.99,37.3
2025-10-27 17:00:00,11881.73,26.5,1009.81,37.97
2025-10-27 19:00:00,11880.27,31.25,1011.04,31.58
2025-10-27 21:00:00,11880.36,36.23,1013.12,26.49
2025-10-27 23:00:00,11878.83,39.32,1013.88,24.41
2025-10-28 01:00:00,11879.0,41.15,1014.71,23.35
2025-10-28 03:00:00,11879.0,43.23,1015.57,21.51
2025-10-28 05:00:00,11879.0,44.14,1015.94,19.52
2025-10-28 07:00:00,11878.77,46.72,1018.14,18.27
2025-10-28 09:00:00,11878.8,49.9,1018.3,17.82
2025-10-28 11:00:00,11879.5,51.28,1019.25,18.67
2025-10-28 13:00:00,11879.5,51.55,1018.13,19.46
2025-10-28 15:00:00,11881.08,49.57,1017.91,20.15
2025-10-28 17:00:00,11880.53,50.11,1018.31,18.87
2025-10-28 19:00:00,11879.22,50.53,1019.21,17.96
2025-10-28 21:00:00,11879.0,50.88,1020.17,17.42
2025-10-28 23:00:00,11880.0,51.87,1020.13,16.8
2025-10-29 01:00:00,11880.0,51.96,1020.01,16.74
2025-10-29 03:00:00,11881.0,52.47,1019.75,16.62
2025-10-29 05:00:00,11881.0,53.28,1020.08,15.98
2025-10-29 07:00:00,11881.0,53.76,1020.9,15.79
2025-10-29 09:00:00,11882.33,52.59,1021.05,18.08
2025-10-29 11:00:00,11885.0,47.67,1019.91,22.73
2025-10-29 13:00:00,11884.92,40.89,1018.78,26.57
2025-10-29 15:00:00,11883.09,36.54,1017.55,27.7
2025-10-29 17:00:00,11882.0,36.04,1016.59,26.75
2025-10-29 19:00:00,11881.0,38.18,1016.65,24.89
2025-10-29 21:00:00,11880.6,41.95,1017.06,23.45
2025-10-29 23:00:00,11879.5,45.77,1017.18,21.66
2025-10-30 01:00:00,11879.0,48.61,1016.72,19.93
2025-10-30 03:00:00,11879.0,51.19,1016.51,18.61
2025-10-30 05:00:00,11879.0,52.82,1016.94,17.78
2025-10-30 07:00:00,11880.23,54.16,1017.44,17.87
2025-10-30 09:00:00,11882.92,52.27,1017.64,20.87
2025-10-30 11:00:00,11884.85,44.54,1016.69,26.23
2025-10-30 13:00:00,11883.82,37.7,1014.88,29.31
2025-10-30 15:00:00,11883.9,31.65,1013.16,31.89
2025-10-30 17:00:00,11883.2,29.55,1011.96,31.76
2025-10-30 19:00:00,11880.4,32.02,1011.69,28.93
2025-10-30 21:00:00,11878.14,37.32,1011.92,25.87
2025-10-30 23:00:00,11878.56,40.43,1012.0,24.18
2025-10-31 01:00:00,11878.87,43.72,1011.42,22.44
2025-10-31 03:00:00,11878.14,46.14,1010.92,21.26
2025-10-31 05:00:00,11879.0,48.83,1010.79,20.07
2025-10-31 07:00:00,11879.38,51.26,1011.48,20.28
2025-10-31 09:00:00,11882.42,50.11,1011.66,23.52
2025-10-31 11:00:00,11884.36,43.92,1010.79,26.73
2025-11-01 13:00:00,11885.42,31.33,1005.47,35.06
2025-11-01 15:00:00,11883.85,27.09,1003.62,38.39
2025-11-01 17:00:00,11881.7,26.88,1003.48,36.6
2025-11-01 19:00:00,11879.18,30.58,1003.91,33.92
2025-11-01 21:00:00,11878.18,34.98,1004.81,32.02
2025-11-01 23:00:00,11879.07,37.36,1005.58,30.94
2025-11-02 01:00:00,11879.4,42.37,1006.0,29.34
2025-11-02 03:00:00,11878.78,48.21,1006.21,27.4
2025-11-02 05:00:00,11878.1,51.33,1006.07,26.56
2025-11-02 07:00:00,11878.73,51.97,1007.32,26.64
2025-11-02 09:00:00,11880.08,51.52,1007.43,27.87
2025-11-02 11:00:00,11881.21,48.54,1006.96,30.14
2025-11-02 13:00:00,11882.0,45.58,1006.08,31.25
2025-11-02 15:00:00,11881.08,44.45,1004.53,31.26
2025-11-02 17:00:00,11879.0,48.41,1003.96,28.3
2025-11-02 19:00:00,11879.82,51.26,1004.13,27.74
2025-11-02 21:00:00,11878.12,54.22,1005.17,25.84
2025-11-02 23:00:00,11878.67,56.27,1005.85,24.85
2025-11-03 01:00:00,11878.0,56.92,1005.65,23.66
2025-11-03 03:00:00,11878.0,57.02,1005.5,23.07
2025-11-03 05:00:00,11879.0,57.45,1005.92,21.87
2025-11-03 07:00:00,11879.73,57.23,1006.98,22.5
2025-11-03 09:00:00,11882.9,52.62,1007.26,25.83
2025-11-03 11:00:00,11884.64,43.22,1006.76,30.57
2025-11-03 13:00:00,11885.27,36.12,1005.75,35.14
2025-11-03 15:00:00,11882.73,28.96,1003.83,38.7
2025-11-03 17:00:00,11881.91,25.53,1002.94,40.09
2025-11-03 19:00:00,11879.33,27.2,1003.19,35.85
2025-11-03 21:00:00,11878.27,32.98,1003.77,31.77
2025-11-03 23:00:00,11877.33,34.76,1003.8,29.56
2025-11-04 01:00:00,11878.0,38.14,1003.25,27.39
2025-11-04 03:00:00,11878.0,41.77,1003.26,25.83
2025-11-04 05:00:00,11878.0,44.84,1002.98,24.51
2025-11-04 07:00:00,11878.88,47.74,1004.22,24.74
2025-11-04 09:00:00,11882.3,47.25,1003.62,27.44
2025-11-04 11:00:00,11885.12,43.38,1002.84,31.49
2025-11-04 13:00:00,11884.57,37.49,1002.27,35.26
2025-11-04 15:00:00,11881.33,37.76,1003.18,33.27
2025-11-04 17:00:00,11877.67,44.08,1003.39,29.77
2025-11-04 19:00:00,11878.1,44.31,1003.45,29.29
2025-11-04 21:00:00,11878.56,48.37,1005.52,26.93
2025-11-04 23:00:00,11878.0,51.68,1007.21,25.99
2025-11-05 01:00:00,11878.0,52.76,1008.16,24.56
2025-11-05 03:00:00,11878.0,54.2,1008.54,22.9
2025-11-05 05:00:00,11878.11,55.8,1008.97,21.6
2025-11-05 07:00:00,11879.5,56.38,1011.28,21.23
2025-11-05 09:00:00,11880.92,53.8,1012.78,22.4
2025-11-05 11:00:00,11883.2,48.05,1013.31,26.24
2025-11-05 13:00:00,11883.5,39.09,1013.05,30.93
2025-11-05 15:00:00,11883.86,31.71,1012.18,34.71
2025-11-05 17:00:00,11882.33,27.16,1011.66,36.44
2025-11-05 19:00:00,11879.82,27.22,1011.98,31.91
2025-11-05 21:00:00,11878.44,30.65,1013.0,27.82
2025-11-05 23:00:00,11878.18,32.73,1013.78,24.96
2025-11-06 01:00:00,11878.1,34.99,1013.66,22.78
2025-11-06 03:00:00,11878.44,37.7,1013.27,20.79
2025-11-06 05:00:00,11879.11,40.8,1012.66,19.25
2025-11-06 07:00:00,11879.27,43.78,1012.78,18.99
2025-11-06 09:00:00,11882.25,42.39,1012.32,22.13
2025-11-06 11:00:00,11885.0,36.06,1011.92,27.54
2025-11-06 13:00:00,11884.78,29.83,1009.98,31.51
2025-11-06 15:00:00,11884.38,25.15,1007.76,34.6
2025-11-06 17:00:00,11881.67,24.56,1005.88,33.05
2025-11-06 19:00:00,11880.38,27.64,1004.69,29.94
2025-11-06 21:00:00,11878.33,31.14,1004.16,27.33
2025-11-06 23:00:00,11877.0,32.36,1004.61,25.64
2025-11-07 01:00:00,11877.29,35.72,1003.92,23.76
2025-11-07 03:00:00,11878.0,38.83,1002.31,22.67
2025-11-07 05:00:00,11879.0,44.15,1000.85,20.89
2025-11-07 07:00:00,11879.6,48.1,1003.22,19.38
2025-11-07 09:00:00,11878.56,51.98,1002.13,18.37
2025-11-07 11:00:00,11879.0,54.83,1001.27,18.32
2025-11-07 13:00:00,11881.0,55.7,1000.91,21.2
2025-11-07 15:00:00,11880.38,55.66,1001.07,20.8
2025-11-07 17:00:00,11879.86,56.6,1002.04,20.01
2025-11-07 19:00:00,11879.27,57.77,1003.48,19.19
2025-11-07 21:00:00,11879.0,60.08,1005.01,18.13
2025-11-07 23:00:00,11880.0,60.27,1006.43,17.43
2025-11-08 01:00:00,11880.0,60.57,1006.54,17.12
2025-11-08 03:00:00,11880.0,60.87,1007.81,16.84
2025-11-08 05:00:00,11880.0,61.02,1008.75,16.27
2025-11-08 07:00:00,11880.22,61.23,1010.12,16.4
2025-11-08 09:00:00,11882.18,59.83,1011.49,18.98
2025-11-08 11:00:00,11884.25,51.79,1011.54,23.87
2025-11-08 13:00:00,11884.0,46.61,1011.42,25.92
2025-11-08 15:00:00,11882.92,41.51,1010.72,27.63
2025-11-08 17:00:00,11881.45,40.45,1010.4,26.78
2025-11-08 19:00:00,11880.17,42.16,1010.7,25.57
2025-11-08 21:00:00,11879.6,45.79,1011.91,23.86
2025-11-08 23:00:00,11879.43,49.62,1012.74,21.64
2025-11-09 01:00:00,11879.15,51.91,1013.24,20.27
2025-11-09 03:00:00,11878.62,53.01,1012.99,19.38
2025-11-09 05:00:00,11878.0,54.56,1013.76,18.06
2025-11-09 07:00:00,11879.6,54.88,1014.84,18.75
2025-11-09 09:00:00,11883.38,53.65,1015.17,21.96
2025-11-09 11:00:00,11885.79,46.87,1015.17,26.27
2025-11-09 13:00:00,11885.81,38.47,1014.55,30.65
2025-11-09 15:00:00,11884.62,30.95,1013.3,34.59
2025-11-09 17:00:00,11882.62,28.46,1012.39,35.45
2025-11-09 19:00:00,11879.0,28.58,1012.65,32.6
2025-11-09 21:00:00,11878.75,34.24,1013.71,28.49
2025-11-09 23:00:00,11878.8,39.39,1014.32,25.63
2025-11-10 01:00:00,11878.0,40.9,1014.68,23.85
2025-11-10 03:00:00,11878.0,41.83,1014.65,22.31
2025-11-10 05:00:00,11878.88,43.39,1014.71,20.7
2025-11-10 07:00:00,11878.29,43.85,1015.74,21.05
2025-11-10 09:00:00,11884.17,41.14,1016.07,24.77
2025-11-10 11:00:00,11884.57,35.14,1015.35,29.61
2025-11-10 13:00:00,11885.09,29.05,1013.75,33.76
2025-11-10 15:00:00,11883.0,24.59,1011.65,37.18
2025-11-10 17:00:00,11881.62,21.83,1010.22,38.97
2025-11-10 19:00:00,11880.0,23.61,1010.15,35.08
2025-11-10 21:00:00,11879.0,28.98,1010.34,30.79
2025-11-10 23:00:00,11878.2,33.65,1009.81,27.89
2025-11-11 01:00:00,11876.56,37.18,1009.13,25.91
2025-11-11 03:00:00,11878.11,40.71,1008.36,23.99
2025-11-11 05:00:00,11878.22,43.39,1008.57,22.45
2025-11-11 07:00:00,11879.75,44.51,1008.98,22.54
2025-11-11 09:00:00,11883.43,41.22,1008.65,26.64
2025-11-11 11:00:00,11884.56,36.23,1007.46,31.28
2025-11-11 13:00:00,11884.18,30.72,1005.04,35.87
2025-11-11 15:00:00,11883.0,28.97,1003.34,37.74
2025-11-11 17:00:00,11881.0,30.76,1002.5,36.84
2025-11-11 19:00:00,11880.0,31.9,1002.37,35.94
2025-11-11 21:00:00,11878.0,38.15,1003.96,31.96
2025-11-11 23:00:00,11877.22,41.26,1004.75,30.8
2025-11-12 01:00:00,11878.82,44.03,1005.26,29.82
2025-11-12 03:00:00,11878.71,46.71,1004.87,28.48
2025-11-12 05:00:00,11878.1,49.7,1005.54,26.84
2025-11-12 07:00:00,11878.86,50.4,1007.08,27.28
2025-11-12 09:00:00,11881.5,47.71,1007.03,29.67
2025-11-25 09:00:00,11883.0,41.0,1007.12,31.8
2025-11-25 11:00:00,11885.08,37.67,1006.81,34.44
2025-11-25 13:00:00,11885.25,27.8,1005.67,39.24
2025-11-25 15:00:00,11884.47,23.36,1004.81,41.38
2025-11-25 17:00:00,11882.57,20.73,1004.14,43.22
2025-11-25 19:00:00,11879.6,24.38,1004.12,39.16
2025-11-25 21:00:00,11879.0,29.65,1005.02,35.35
2025-11-25 23:00:00,11878.22,32.68,1006.2,33.12
2025-11-26 01:00:00,11878.0,36.06,1006.06,30.68
2025-11-26 03:00:00,11877.3,38.85,1005.99,28.52
2025-11-26 05:00:00,11878.0,41.11,1006.74,26.6
2025-11-26 07:00:00,11878.29,43.23,1007.89,26.84
2025-11-26 09:00:00,11881.75,42.35,1008.12,29.54
2025-11-26 11:00:00,11884.5,36.73,1007.36,34.75
2025-11-26 13:00:00,11885.0,26.38,1005.28,40.29
2025-11-26 15:00:00,11883.67,23.52,1003.86,42.53
2025-11-26 17:00:00,11881.91,21.44,1002.32,43.72
2025-11-26 19:00:00,11880.25,23.77,1001.93,40.2
2025-11-26 21:00:00,11878.58,28.71,1002.43,36.18
2025-11-26 23:00:00,11878.69,32.77,1002.81,33.46
2025-11-27 01:00:00,11877.5,36.45,1002.57,31.23
2025-11-27 03:00:00,11878.0,39.55,1002.79,29.76
2025-11-27 05:00:00,11877.38,42.96,1003.48,27.67
2025-11-27 07:00:00,11878.69,44.51,1004.44,28.07
2025-11-27 09:00:00,11882.44,42.36,1004.89,30.91
2025-11-27 11:00:00,11885.08,36.44,1004.75,36.12
2025-11-27 13:00:00,11885.55,28.57,1003.71,39.91
2025-11-27 15:00:00,11884.5,23.05,1002.28,42.77
2025-11-27 17:00:00,11882.0,21.52,1001.0,43.09
2025-11-27 19:00:00,11879.9,25.24,1000.45,40.06
2025-11-27 21:00:00,11878.56,29.39,1001.72,37.12
2025-11-27 23:00:00,11877.25,34.31,1002.43,34.42
2025-11-28 01:00:00,11877.92,38.18,1001.96,32.76
2025-11-28 03:00:00,11877.94,40.92,1001.79,31.38
2025-11-28 05:00:00,11877.14,44.45,1003.54,30.0
2025-11-28 07:00:00,11879.17,45.42,1005.13,31.17
2025-11-28 09:00:00,11882.0,38.2,1005.85,35.17
2025-11-28 11:00:00,11884.38,31.41,1004.89,38.87
2025-11-28 13:00:00,11884.67,26.31,1003.72,42.37
2025-11-28 15:00:00,11883.64,21.69,1003.1,44.42
2025-11-28 17:00:00,11881.69,21.58,1001.98,44.28
2025-11-28 19:00:00,11879.21,25.62,1001.49,40.52
2025-11-28 21:00:00,11878.71,30.84,1001.9,36.91
2025-11-28 23:00:00,11878.57,33.66,1002.21,34.8
2025-11-29 01:00:00,11877.25,36.31,1003.06,32.25
2025-11-29 03:00:00,11877.0,40.09,1002.64,29.87
2025-11-29 05:00:00,11877.55,42.49,1003.4,29.13
2025-11-29 07:00:00,11878.78,42.94,1003.88,29.35
2025-11-29 09:00:00,11882.6,40.48,1003.63,32.02
2025-11-29 11:00:00,11885.0,36.66,1003.02,36.31
2025-12-04 13:00:00,11885.0,,,
2026-02-13 09:59:00,11882.25,60.69,1012.06,27.58
2026-02-13 11:59:00,11883.75,54.55,1012.5,30.48
2026-02-13 13:59:00,11884.0,49.7,1011.59,32.11
2026-02-13 15:59:00,11884.0,45.86,1010.02,33.32
2026-02-13 17:59:00,11882.38,42.94,1008.94,33.4
2026-02-13 19:59:00,11881.25,42.74,1009.24,31.21
2026-02-13 21:59:00,11881.0,43.83,1010.18,29.95
2026-02-13 23:59:00,11880.88,46.3,1011.13,28.97
2026-02-14 03:59:00,11880.5,51.85,1010.29,26.75
2026-02-14 05:59:00,11880.0,54.03,1010.59,25.76
2026-02-14 07:59:00,11881.5,53.77,1011.36,26.45
2026-02-14 09:59:00,11884.0,51.04,1011.39,28.93
2026-02-14 11:59:00,11885.44,43.2,1010.09,34.68
2026-02-14 13:59:00,11884.5,39.12,1008.56,37.34
2026-02-14 15:59:00,11884.38,33.57,1006.72,40.67
2026-02-14 17:59:00,11882.25,30.87,1005.92,41.38
2026-02-14 19:59:00,11880.58,35.89,1005.92,35.74
2026-02-14 21:59:00,11879.11,40.35,1006.56,33.06
2026-02-14 23:59:00,11878.2,45.12,1006.55,30.69
2026-02-15 01:59:00,11879.29,47.54,1006.31,29.61
2026-02-15 03:59:00,11879.55,50.35,1005.38,28.31
2026-02-15 05:59:00,11879.12,52.22,1005.86,27.65
2026-02-15 07:59:00,11880.57,53.06,1006.63,28.13
2026-02-15 09:59:00,11884.44,50.39,1006.39,31.83
2026-02-15 11:59:00,11886.22,46.49,1005.5,35.37
2026-02-15 13:59:00,11886.89,38.58,1004.09,40.44
2026-02-15 15:59:00,11883.92,33.1,1002.82,43.06
2026-02-15 17:59:00,11882.0,32.23,1002.35,42.73
2026-02-15 19:59:00,11879.8,36.9,1002.91,37.99
2026-02-15 21:59:00,11879.27,40.12,1004.19,35.83
2026-02-15 23:59:00,11878.57,45.36,1007.06,29.3
2026-02-16 01:59:00,11878.11,48.46,1007.32,27.75
2026-02-16 03:59:00,11878.08,52.32,1004.27,26.52
2026-02-16 05:59:00,11879.14,53.38,1005.79,26.38
2026-02-16 07:59:00,11880.0,53.17,1007.42,27.34
2026-02-16 09:59:00,11884.0,50.61,1007.72,30.38
2026-02-16 11:59:00,11886.67,46.29,1006.85,34.48
2026-02-16 13:59:00,11885.3,38.47,1004.96,39.33
2026-02-16 15:59:00,11882.67,38.68,1004.98,37.77
2026-02-16 17:59:00,11880.7,44.91,1004.84,35.16
2026-02-16 19:59:00,11879.31,47.65,1005.06,33.15
2026-02-16 21:59:00,11878.58,51.57,1006.37,31.69
2026-02-16 23:59:00,11878.9,53.53,1006.35,31.3
2026-02-17 01:59:00,11879.11,55.82,1004.74,29.73
2026-02-17 03:59:00,11879.18,57.06,1004.41,29.05
2026-02-17 05:59:00,11879.09,57.73,1004.68,28.62
2026-02-17 07:59:00,11879.53,59.82,1006.7,28.3
2026-02-17 11:59:00,11880.0,61.92,1007.89,27.84
2026-02-17 13:59:00,11883.12,58.3,1006.62,31.78
2026-02-17 15:59:00,11884.5,46.21,1004.77,38.71
2026-02-17 17:59:00,11881.73,38.21,1003.78,41.55
2026-02-17 23:59:00,11879.0,48.9,1005.0,33.03
2026-02-18 01:59:00,11878.79,52.92,1004.55,31.3
2026-02-18 03:59:00,11879.0,54.97,1004.48,30.53
2026-02-18 05:59:00,11879.09,56.48,1005.43,29.72
2026-02-18 07:59:00,11880.82,56.65,1006.36,30.64
2026-02-18 09:59:00,11883.67,50.89,1006.33,34.71
2026-02-18 13:59:00,11885.11,38.88,1004.19,40.9
2026-02-18 15:59:00,11883.5,33.97,1003.02,44.25
2026-02-18 17:59:00,11882.33,30.04,1001.82,46.65
2026-02-18 19:59:00,11879.91,35.68,1001.36,40.02
2026-02-18 21:59:00,11878.33,42.17,1002.17,36.55
2026-02-19 01:59:00,11879.0,47.2,1002.28,34.3
2026-02-19 03:59:00,11879.0,50.98,1000.72,32.08
2026-02-19 05:59:00,11879.0,54.82,1001.24,30.66
2026-02-19 07:59:00,11879.0,57.96,1002.27,28.27
2026-02-19 09:59:00,11879.2,58.63,1002.69,27.24
2026-02-19 11:59:00,11878.4,59.65,1004.73,25.97
2026-02-19 13:59:00,11879.0,61.42,1004.46,25.59
2026-02-19 15:59:00,11879.67,62.67,1002.05,25.74
2026-02-19 17:59:00,11880.9,59.6,1002.46,29.03
2026-02-19 19:59:00,11880.07,59.82,1003.98,26.93
2026-02-19 21:59:00,11880.0,62.26,1005.64,26.16
2026-02-19 23:59:00,11879.5,63.44,1006.46,25.71
2026-02-20 01:59:00,11879.0,64.31,1006.1,25.18
2026-02-20 03:59:00,11879.0,64.76,1006.48,24.61
2026-02-20 05:59:00,11879.0,65.13,1007.13,23.97
2026-02-20 07:59:00,11880.25,64.52,1007.9,25.04
2026-02-20 09:59:00,11883.17,60.88,1007.89,27.9
2026-02-20 11:59:00,11885.83,50.28,1007.1,33.49
2026-02-20 13:59:00,11885.62,38.9,1006.62,38.26
2026-02-20 15:59:00,11883.78,31.52,1005.82,41.55
2026-02-20 17:59:00,11883.14,26.99,1005.29,43.65
2026-02-20 19:59:00,11879.86,32.53,1005.74,36.09
2026-02-20 21:59:00,11878.8,39.19,1007.42,32.22
2026-02-20 23:59:00,11878.44,41.74,1007.76,30.58
2026-02-21 01:59:00,11878.83,44.99,1007.92,28.93
2026-02-21 03:59:00,11879.09,48.58,1008.01,27.64
2026-02-21 05:59:00,11878.67,51.21,1008.67,26.74
2026-02-21 07:59:00,11880.0,52.21,1009.8,27.27
2026-02-21 09:59:00,11882.86,48.44,1010.13,30.85
2026-02-21 11:59:00,11885.0,39.24,1009.06,36.02
2026-02-21 13:59:00,11885.5,30.51,1007.57,40.41
2026-02-21 15:59:00,11883.25,27.81,1006.69,42.02
2026-02-21 17:59:00,11881.57,25.64,1005.69,42.04
2026-02-21 19:59:00,11880.0,30.34,1006.05,36.38
2026-02-21 21:59:00,11879.36,36.59,1007.38,32.97
2026-02-21 23:59:00,11878.45,40.42,1008.12,31.12
2026-02-22 01:59:00,11878.83,44.08,1008.02,29.8
2026-02-22 03:59:00,11879.0,47.68,1007.59,28.47
2026-02-22 05:59:00,11879.5,50.18,1007.81,27.29
2026-02-22 07:59:00,11879.4,49.77,1008.3,27.73
2026-02-22 09:59:00,11883.33,47.0,1007.99,30.45
2026-02-22 11:59:00,11885.91,39.49,1006.68,36.49
2026-02-22 13:59:00,11885.5,34.24,1005.58,40.33
2026-02-22 15:59:00,11882.82,31.37,1003.97,42.02
2026-02-22 17:59:00,11882.25,29.82,1003.02,41.9
2026-02-22 19:59:00,11880.0,34.8,1003.14,37.48
2026-02-22 21:59:00,11879.43,39.24,1003.97,34.51
2026-02-22 23:59:00,11879.0,42.3,1004.54,32.86
2026-02-23 01:59:00,11878.93,44.38,1004.08,31.66
2026-02-23 03:59:00,11878.13,44.85,1003.73,30.34
2026-02-23 05:59:00,11878.36,46.31,1003.56,29.26
2026-02-23 07:59:00,11879.91,47.8,1004.11,29.26
2026-02-23 09:59:00,11883.27,45.78,1003.98,32.15
2026-02-23 11:59:00,11885.0,41.44,1003.44,36.56
2026-02-23 13:59:00,11885.43,35.67,1001.72,40.72
2026-02-23 15:59:00,11884.82,30.45,999.53,44.34
2026-02-23 17:59:00,11882.19,25.27,998.81,47.38
2026-02-23 19:59:00,11879.38,33.47,999.98,37.95
2026-02-23 21:59:00,11878.45,41.72,1001.42,33.01
2026-02-23 23:59:00,11878.27,45.68,1000.98,30.92
2026-02-24 01:59:00,11878.6,48.89,1000.54,29.82
2026-02-24 03:59:00,11877.43,51.53,999.93,28.97
2026-02-24 05:59:00,11878.42,53.34,1000.42,28.73
2026-02-24 07:59:00,11880.33,53.88,1001.56,29.31
2026-02-24 09:59:00,11882.14,50.87,1002.12,32.12
2026-02-24 11:59:00,11884.92,42.9,1001.55,37.17
2026-02-24 13:59:00,11886.25,35.47,1000.56,40.99
2026-02-24 15:59:00,11884.36,28.44,999.1,43.33
2026-02-24 17:59:00,11880.36,36.04,999.3,37.83
2026-02-24 19:59:00,11880.0,,,
2026-02-24 21:59:00,11879.0,45.62,1001.47,33.48
2026-02-25 03:59:00,11878.0,,,
2026-02-25 05:59:00,11879.0,53.2,1003.42,28.89
2026-02-25 07:59:00,11881.0,52.48,1005.55,29.21
2026-02-25 09:59:00,11882.5,51.81,1006.44,29.73
2026-02-25 11:59:00,11882.0,47.66,1006.4,32.27
2026-02-25 13:59:00,11882.0,44.07,1006.08,33.37
2026-02-25 15:59:00,11882.4,38.88,1005.08,36.79
2026-02-25 17:59:00,11881.22,31.84,1004.12,39.48
2026-02-25 23:59:00,11878.0,,,
2026-02-26 03:59:00,11878.0,44.35,1004.89,24.29
2026-02-26 05:59:00,11879.0,47.95,1005.99,22.45
2026-02-26 07:59:00,11880.0,49.5,1007.27,23.79
2026-02-26 09:59:00,11882.5,46.88,1007.67,26.84
2026-02-26 11:59:00,11884.9,39.92,1006.92,32.27
2026-02-26 13:59:00,11885.8,31.99,1005.25,36.86
2026-02-26 15:59:00,11883.73,25.52,1003.58,40.84
2026-02-26 17:59:00,11881.29,21.4,1003.34,42.69
2026-02-26 19:59:00,11879.4,28.66,1004.29,34.06
2026-02-26 21:59:00,11878.7,33.66,1005.55,31.16
2026-02-26 23:59:00,11878.1,37.72,1005.99,28.57
2026-02-27 01:59:00,11877.69,41.16,1005.13,26.55
2026-02-27 03:59:00,11878.85,42.71,1004.45,25.45
2026-02-27 05:59:00,11879.67,43.7,1006.17,24.66
2026-02-27 07:59:00,11879.62,43.79,1007.46,25.47
2026-02-27 09:59:00,11883.18,41.88,1007.74,27.95
2026-02-27 11:59:00,11884.91,35.75,1007.32,32.47
2026-02-27 13:59:00,11885.22,28.77,1006.25,36.87
2026-02-27 15:59:00,11884.25,24.98,1005.14,39.78
2026-02-27 17:59:00,11881.4,22.1,1004.34,38.14
2026-02-27 19:59:00,11879.33,26.42,1004.72,34.8
2026-02-27 21:59:00,11878.82,31.61,1005.61,31.73
2026-02-27 23:29:30,11879.0,33.96,1005.62,29.93
